https://www.youtube.com/user/MovieManiacsDE/about,moviemaniacsDE,We bring you the best movie trailers let you sit in on exclusive one-on-one interviews with Hollywoods greatest stars and take you onto the red carpet and behind-the-scenes of the biggest movies.,http://www.moviemaniacs.de,http://www.facebook.com/moviemaniacsDE,https://plus.google.com/111044543246328158957,
https://www.youtube.com/user/DespicableMeMovie/about,Illumination,Connect with Illumination Entertainment Online:  Like Illumination Entertainment on FACEBOOK:  http://bit.ly/IlluminationEntFB Visit the Illumination Entertainment WEBSITE:  http://www.minionsmovie.com,http://www.singmovie.com,https://www.facebook.com/singmovie,https://twitter.com/singmovie,http://instagram.com/singmovie,https://plus.google.com/110677721563930903522,
https://www.youtube.com/user/movieclips/about,Movieclips,The Fandango MOVIECLIPS channel is the largest collection of licensed movie clips on the web. We are HUGE movie fans. We love films so much that our genome team has gone through hundreds of movies to pick out the best moments scenes and famous lines from all of your favorite films. Whether it's an action comedy drama western horror film or any other genre Fandango MOVIECLIPS has the unforgettable moments that stay with you long after you leave the theater.,https://www.youtube.com/movieclipstrailers,http://movieclips.com,http://www.facebook.com/movieclips,https://twitter.com/MOVIECLIPS,http://pinterest.com/movieclips,http://instagram.com/movieclips,https://www.youtube.com/channel/UC3gNmTGu-TTbFPpfSs5kNkg?sub_confirmation=1,https://vine.co/Fandango,https://plus.google.com/110315793794015517463,
https://www.youtube.com/user/UnboxingSurpriseEgg/about,Surprise Eggs unboxing toys,Stop Motion Play Doh videos Kinder surprise eggs Superheroes elsa Frozen Gummy Bear Family and much more. Have fun! http://www.youtube.com/subscription_center?add_user=UnboxingSurpriseEgg,https://www.youtube.com/playlist?list=PL8T-DLVxbPhT0gKohKrU74QsgQHkTKIvj,https://www.youtube.com/channel/UCaOsf5MA8uAEJuiyDxoLbeg,http://www.youtube.com/user/LaBabyMusica,https://plus.google.com/116863180060586372991,
https://www.youtube.com/user/ThePetCollective/about,The Pet Collective,The Pet Collective is home to the top trending clips most entertaining memes and funniest animal videos online.  Simply put we think animals are the best ever. If you agree let’s make it YouTube official right here right meow: Subscribe here - http://tpc.tv/1Qd1gdP  We welcome your video submissions for use on our channel! Submit your fun pet videos here: http://bit.ly/32-submit-here  For inquiries regarding advertising or brand partnerships email advertise@jukinmedia.com   The Pet Collective is owned and operated by Jukin Media,https://submit.thepetcollective.tv/?utm_source=youtube&utm_medium=banner&utm_campaign=submission#submit-video,http://www.facebook.com/thepetcollective,http://pinterest.com/petcollectivetv/,http://www.instagram.com/petcollectivetv,http://thepetcollective.tv,https://plus.google.com/111797746508558281499,
https://www.youtube.com/user/Theoatrix/about,Theoatrix OSRS,Welcome to the Theoatrix Channel! I create Oldschool Runescape videos focused mainly on Money Making Guides and Skill Guides as well as some other random cool videos!    Inbox if you have any questions about anything shoot me an email!,http://youtube.com/theoatrix/subscribe,https://www.twitter.com/theoatrix/,https://twitch.tv/theoatrix_osrs,https://plus.google.com/114105016769533818677,
https://www.youtube.com/user/moviesinsights/about,Movies Insights,Interesting stuff about cinema world  NEW VIDEO EVERY 8 HOURS (3 New Daily Videos),https://www.facebook.com/moviesinsightspage,https://plus.google.com/108810013792391432394,
https://www.youtube.com/user/ScreenSlam/about,ScreenSlam,We are an Entertainment channel that features Hollywood interviews premieres behind the scenes of movies & TV press conferences award shows film festivals and more. Our content is made up of original videos and stuff that the studios send us. We might not have the millions of dollars backing us like some of the big guys but we make up for that by being quick and caring about our subscribers.  Thanks for checking out our YouTube page!  - The ScreenSlam Team,http://www.screenslam.com,https://twitter.com/#!/Screenslam,https://www.facebook.com/pages/Screenslam/152999188075199?ref=ts&fref=ts,https://instagram.com/screenslam,https://plus.google.com/111658631103674573004,
https://www.youtube.com/user/chadalantoys/about,Chad Alan,About Chad Alan : Hello! I am a toy collector who loves to share my collection and hobby with the world! I collect and unbox tons of things such as Surprise Blind Bags Dolls Toys Playset Reviews Disney Princess Dolls Play Doh Disney Tsum Tsum Mystery Minis  Mystery Toys Frozen My Little Pony and so much more!  I also make some crafts for dolls and other random things. I also do fun youtube challenges with friends hauls and random vlogs! Business e-mial : chadeboi20@gmail.com,http://instagram.com/chadalanofficial,http://www.facebook.com/pages/Chad-Alan/197210503680115,https://twitter.com/MHCollector,https://plus.google.com/102581505388500834533,
https://www.youtube.com/user/animalztv4u/about,Animalz TV,This channel is created for the people who love animals. We collect and publish videos about cute dogs and cats (even more cute are puppies and kitten).  We release at least two new videos in a week ---  On Mondays - Funny Animal Compilations Stay with us to watch new videos about adorable pets and animals. Our videos include: cat videos funny dogs funny pets puppies and kitten funny monkeys cute owls cute baby animals best animals compilation cute and funny animals and much more.   You can also send us your videos to Animalz TV and it will be featured on our channel and will seen by lots of animal lovers.  Please Submit your videos at: http://www.animalztv.net/submit-video/  We respect other people's copyrights but sometimes happens that other people's videos are in our compilations without their permission in such situation the author should contact us and we will remove it immediately.,http://www.animalztv.net/submit-video/,http://goo.gl/O97FCe,https://twitter.com/AnimalzTVv,https://www.facebook.com/animalztv4u,http://animalztv.net,https://plus.google.com/109357051925508382516,
https://www.youtube.com/user/TheDodoSite/about,The Dodo,The Dodo on Youtube is place for everyone who loves animals and cares about their wellbeing. Our goal is to make caring about animals a viral cause. We want our fans to fall in love with animals have fun and be entertained while they’re doing it and feel empowered to help animals in need.,https://www.thedodo.com,https://www.facebook.com/thedodosite,https://instagram.com/thedodo,https://twitter.com/dodo,https://www.snapchat.com/add/thedodo.com,
https://www.youtube.com/user/SqueakerAlert/about,TOP 5 ALLTIME,We upload daily TOP 5 Videos  If you have a topic request please contact us using our business email bellow.,https://www.youtube.com/channel/UC4HLj1huw4mvCL6QTezaSog,https://twitter.com/CommunityVideos,https://plus.google.com/115726502556915197811,
https://www.youtube.com/user/MommyandGracieShow/about,MommyandGracieShow,Hi! We are Mommy and Gracie a 13 year old girl and her mom who love dolls and toys.  We are huge fans of Monster High Ever After High Barbie and American Girl Dolls.  We are also Shopkins and Shoppies collectors! Gracie is into a bunch of fandoms including Five Nights at Freddy's Undertale The Phandom of Dan and Phil and Steven Universe. She is always throwing references to her fandoms into our videos and she is super funny.  Mommy has never grown up and she has collected dolls her whole life.    We pride ourselves on being real and honest and we never do re-takes or scripts.  We just let the camera roll and have fun!  As we like to say we are #SoProfesh  You won't find fancy editing and special effects here.  Just lots of laughs for the whole family!   Instagram: http://instagram.com/mommyandgracieshow Twitter: https://twitter.com/mommyandgracie Facebook: https://www.facebook.com/MommyandGracieShow,https://www.facebook.com/MommyandGracieShow?ref=hl,http://instagram.com/mommyandgracieshow,https://twitter.com/mommyandgracie,https://www.youtube.com/channel/UCMJMQpisAsHo-VsrWqBpNOg,https://www.youtube.com/channel/UC28hHuZTVHHg1GlmDDYfOVA,https://plus.google.com/115767152075462257058,
https://www.youtube.com/user/LinfairRecords/about,福茂唱片,福茂唱片音樂股份有限公司（ Linfair Records Ltd. ）由創辦人張人鳳先生成立於 1961 年，並於同一年取得世界最大古典音樂廠牌之一 -- Decca 的台灣區代理權。  1992 年，當時的 Decca 母公司 - 國際寶麗金唱片集團（ Polygram International ）買入百分之六十福茂股權，福茂唱片也同時加入了國際寶麗金唱片集團，福茂唱片的英文名稱因此改為 Decca Records Taiwan Ltd.。 2002 年，張耕宇先生及張霄芸女士向國際環球唱片集團（由於寶麗金唱片已於 1998 年被環球併購）買回其擁有的百分之六十福茂股權，福茂唱片又再度回到了100% 的獨立唱片公司，而英文名字又改回最初的 Linfair Records Ltd.。  雖然脫離了環球，但福茂仍然繼續在台代理 Decca。另外，福茂唱片還代理美國高音質獨立廠牌 Chesky 以及許多歐洲獨立廠牌.  福茂唱片除了代理國外廠牌外，於 1986 年開始發展國語流行歌曲，先後捧紅了許多台灣本地及香港、大陸地區的歌手，例如庾澄慶、邰正宵、林隆璇、黃舒駿、王菲、那英、范曉萱、王力宏、蘇永康、陳慧琳、許志安、周蕙 ... 等．近年福茂仍然繼續大力在國語歌曲市場發展，除了簽入高知名度藝人歌手外，也不斷培養全新歌手．近年成功推出的歌手藝人有范瑋琪、韋禮安、陳妍希、郭靜、張韶涵、曾沛慈、吳汶芳、畢書盡、朱俐靜、陳勢安、曾靜玟、陳彥允、李玉璽、法蘭黛樂團、李唯楓、王笠人 ... 等歌手。  福茂唱片的位置：http://goo.gl/zpRbSN,https://www.facebook.com/LinfairRecords,http://weibo.com/u/3912096225,https://itunes.apple.com/tw/album/%E6%A5%B5%E6%A8%82%E4%B8%96%E7%95%8C%E5%85%A8%E5%89%B5%E4%BD%9C%E5%B0%88%E8%BC%AF/id1218156441,https://instagram.com/linfairrecords/,http://www.facebook.com/Claire.fans?fref=ts,https://www.facebook.com/Weibird.official?ref=ts&fref=ts,http://www.facebook.com/eagleBii,https://www.facebook.com/ohyeahpetsofficial,https://www.facebook.com/hi.jingwen,https://www.facebook.com/FanFan.official?ref=ts&fref=ts,https://www.facebook.com/WenFangWenGo/?fref=pb&hc_location=profile_browser,https://www.facebook.com/Ian0204/?fref=ts,https://www.facebook.com/dino0331/?fref=ts,https://plus.google.com/115368732168801182471,
https://www.youtube.com/user/TheEnglishSimmer/about,TheEnglishSimmer,Hi there  I enjoy procrastinating by playing The Sims and recording it for you guys to (hopefully) enjoy. Sometimes I even go as far as playing other games for entertainment.  I am obliged to say that if you aren't subscribed already then you should.  WEBSITE: http://theenglishsimmer.com TWITTER: http://twitter.com/EnglishSimmer  Current LPs: Get To Work The Young'Uns The Asylum Challenge Life Is Strange Game Of Thrones Minecraft Story Mode  Completed LPs: Late Night Gone Home University Life The Novelist Among The Sleep Generations/S2 Wolf Among Us Supernatural The Sims 4 Ambitions Runaway Teen   ---------------------------  Computer Specs  INTEL® Core™ i7-4790 Quad Core 3.60 GHz  NVIDIA GeForce GTX 780 3GB  16GB RAM  HDD:128 GB Corsair Series GS SATA III Gaming MLC Solid State Disk  HDD2:2TB SATA-III 6.0Gb/s 64M Cache 7200rpm Hard Drive  Microsoft® Windows 8.1 Pro (64-bit Edition),http://mypage.thesims3.com/mypage/mollie_x,http://twitter.com/EnglishSimmer,http://instagram.com/EnglishSimmer,http://theenglishsimmer.com,https://plus.google.com/107468375782981162532,
https://www.youtube.com/user/CookieSwirlC/about,CookieSwirlC,◕‿◕    Hi Cookie Fans!!!   Welcome to the sweet world of Cookieswirlc a unique toy channel bursting with super happy positive family friendly videos inspired by sugary cute toys like Disney Frozen Princesses mermaids Littlest Pet Shop LPS My Little Pony MLP Lego Barbie dolls Play Doh Monster High Shopkins and much muchy more!!! Everything from stories movies playset toy reviews hauls blind bag openings toy unboxing and fun do it yourself crafts!   Are you subscribed? It's FREE!!! Don't miss out on all the fun!!!!  Toys are donated to charity and given to Cookie Fans  www.cookieswirlc.com  Friend Cookieswirlc on Instagram @cookieswirlc https://instagram.com/cookieswirlc/  Cookieswirlc does Not have Facebook Snapchat Skype or any other social media.,http://www.cookieswirlc.com,http://instagram.com/cookieswirlc,http://cookieswirlc.spreadshirt.com/,https://plus.google.com/101851096110463521121,
https://www.youtube.com/user/cbstvdinsideedition/about,Inside Edition,Inside Edition is television's longest-running top-rated and most-honored syndicated newsmagazine.,http://www.insideedition.com/,https://www.facebook.com/Inside.Edition,https://twitter.com/insideedition,https://instagram.com/insideedition/,https://plus.google.com/104304424115513428440,
https://www.youtube.com/user/PopularMMOs/about,PopularMMOs,Your source for epic Minecraft content!  Don't forget to subscribe! - Minecraft Mob Battles and Arena Battles - Epic Modded Let's Plays - Mod Showcases - Minecraft Mods Vs Maps   http://popularmmos.com for Minecraft Mods,https://represent.com/store/popularmmos,https://www.instagram.com/popularmmospat/,http://www.twitter.com/popularmmos,http://www.facebook.com/pages/PopularMMOs/327498010669475,http://popularmmos.com/minecraftmods/,http://popularmmos.com/faq,https://plus.google.com/117264274555588384493,
https://www.youtube.com/user/tylerrugge/about,Tyler Rugge,Hello everyone! My name is Tyler Rugge and I make random videos and put them on the internet ;D   PO Box Address:  Tyler Rugge 511 Olde Towne Rd #81274 Rochester MI 48308,http://trugge.tumblr.com,http://instagram.com/tylerrugge,https://twitter.com/Tylerrugge,https://www.facebook.com/TylerRuggeOfficial,https://snapchat.com/add/trugge,https://plus.google.com/117133095020469707357,
https://www.youtube.com/user/HobbyKidsTV/about,HobbyKidsTV,The inventor of GIANT SURPRISE EGGS! The only brand trusted by families since 2013. We share learning fun and popular toy reviews by kids for kids! Subscribe its free + supports our channel.   Q. Who made the FIRST BIGGEST Surprise Egg?  A. WE DID! It was our kids idea first published on 12-9-2013.  Q. What do you do with the toys?  A. We donate lots of toys featured we also give them as gifts to HobbyFriends in our local community. HobbyKids love to share the fun!   Q. Is your channel kid-friendly?  A. YES! We take pride in keeping a clean unique channel for families of all ages. We are parents and know the importance of having a safe place for viewing. Importantly we speak native English which guides children's communication skills.  Q. Do you play Video Games?  A. YES! Visit our channels: HobbyPigTV and HobbyFrogTV  Q. Do you have extra shows?  A. YES! Visit: HobbyFamilyTV  Q. Do you have a channel for learning?  A. YES! Visitl: HobbyBabyTV,http://youtu.be/ojvpRfYe7Mk?list=PLzDMAGLsSlZoNvpGg-ijs4DlYu2RMSOxo,http://www.twitter.com/hobbykidstv,https://www.facebook.com/HobbyKidsTV/,http://a.co/185BVz3,https://shop.spreadshirt.com/HobbyKidsTV/,http://www.google.com/+HobbyKidsTV1,http://astore.amazon.com/hobbykids-20,http://www.HobbyKids.net,http://www.youtube.com/user/hobbygamestv,http://www.pinterest.com/hobbytv,http://www.youtube.com/user/hobbytoystv,https://youtu.be/St9RBa8wjkY?list=PL849n1gpgdFWlIV6SM3LXslxFOZO2N8aZ,http://www.HobbyKidsTV.com,https://www.instagram.com/hobbykidstv/,https://plus.google.com/108694155777909765301,
https://www.youtube.com/user/DerRaizer97/about,Entertainment Access,Entertainment Access is your go-to destination for the movies games & series we all love! Featuring Trailers Clips Compilations Lists & more!   Entertainment Access | A Project by Fabian Pohl,http://www.entertainmentaccess.tv/,http://instagram.com/fabiann_ph#,https://twitter.com/EntertainAccess,http://somenetwork.de/#mehr,https://www.facebook.com/EntertainAccess,https://plus.google.com/116327792514606123700,
https://www.youtube.com/user/ComicBookCom/about,Comicbook.com,ComicBook.com is an independently owned media company focused on all things pop culture influenced by the robust comic book industry whose iconic creations have become the driving force of mainstream entertainment behind today's blockbuster movies hit TV shows best selling video games and more.  ComicBook.com provides fans with the latest news reviews tv & movie database vibrant communities social platforms events and industry scoop through innovative technology products and mobile platforms.,http://twitter.com/comicbookdotcom,http://facebook.com/comicbookdotcom,http://comicbook.com,https://plus.google.com/107643867754355018896,
https://www.youtube.com/user/SmartBooksMedia/about,Pinkfong! Kids' Songs & Stories,Welcome to PINKFONG's official YouTube channel. Meet PINKFONG’s fun educational videos that captured the hearts of millions of children around the world.  Subscribe to our channel for hundreds of kids' favorite songs and stories including nursery rhymes phonics songs number songs bedtime lullabies children's classics fairy tales and more! Enjoy educational songs and stories for preschool kids created by the experts in children's education.  Follow us on Facebook for new updates and free promotions. ★ Facebook: https://www.facebook.com/PINKFONG.smartstudy ★ Website:  https://www.smartstudy.co.kr,https://about.pinkfong.com/en/,https://www.facebook.com/pinkfong.smartstudy,https://plus.google.com/102640249751866322552,
https://www.youtube.com/user/FunnyPetMedia/about,Funny Pets,Funny Dog Videos. Funny Cat Videos. Funny Pet Videos! Funny Pets is bringing you the best funny pet videos that we can find. Please subscribe and we will make you laugh!,https://www.youtube.com/channel/UCPAt6mvC-wKunwKyiEeAxFQ,https://plus.google.com/114432190771493507565,
https://www.youtube.com/user/ZeroMediaHD/about,Zero Media,Zero Media is the place to see all the latest and greatest movie trailers clips and more.,https://www.facebook.com/ZeroMediaTrailers/,http://www.twitter.com/ZeroMediaHD,https://www.youtube.com/subscription_center?add_user=ZeroMediaHD,https://plus.google.com/104278701592154569171,
https://www.youtube.com/user/toysreviewtoys/about,ToysReviewToys,Toys reviewing other toys!  ToysReviewToys is a friendly kid channel fun for both kids and parents!   We feature top toys from popular franchises like Teenage Mutant Ninja Turtles and superheroes like Batman and Superman!  We make parodies and adventures mixing franchises together like Paw Patrol with Duplo Lego Spiderman or even The Good Dinosaur toys with surprise eggs.   We teach how to build toys with Legos or Mega Bloks with Play Doh.  You can also find other fun videos at my wife's channel DisneyCarToys.  So come on click on a video and imagine!,https://plus.google.com/109889329486414195750,
https://www.youtube.com/user/Promangan/about,Joseph Smon,Welcome to my channel where you can find some classic educational PC game videos plus many others. Please subscribe if you like this channel.,https://plus.google.com/111800652967181394327,
https://www.youtube.com/user/DisneyCarToys/about,DisneyCarToys,DisneyCarToys is a fun kid friendly toy channel. Sandra and Spidey make toy videos giant surprise toys videos doll parodies surprise eggs opening toy reviews and unboxing videos daily for toddlers preschoolers and school children.  I feature top toys from popular Disney movies like Frozen and Cars 2 plus TV shows like Mickey Mouse Clubhouse and Peppa Pig. I love doing Frozen Barbie episode parodies with my Elsa and Disney Princess Anna dolls. I'm known for unique Play Doh videos. You'll also find funny Cookie Monster Sofia The First Orbeez  Disney Cars Toys Lightning McQueen and Mater videos. My favorite Disney Princess is Ariel from The Little Mermaid favorite Disney Car is Lightning McQueen favorite superhero is Spiderman. I love Barbie especially 1990s Barbie playsets. Be sure to check out my husband's channel ToysReviewToys for toy videos. Why am I called DisneyCarToys? Because my son loves Cars 2 and collects cars toys. :-),https://www.facebook.com/pages/Disneycartoys/1406438099591147,https://twitter.com/DisneyCarToys,https://plus.google.com/101680558872528991943,
https://www.youtube.com/user/AlternativeOnMV/about,Alternative on MV,Welcome to Alternative on MV a sub channel of Music Vault where you can find our entire collection of live alternative music videos in one location.,http://www.musicvault.com,https://plus.google.com/117124149812263378891,
https://www.youtube.com/user/screenjunkies/about,Screen Junkies,In a world full of movies and television only one channel is keeping them honest every Tuesday Thursday and Saturday - SCREENJUNKIES!   Home of the epic Honest Trailers and The ScreenJunkies Show...it's the ScreenJunkies YouTube channel!  Enjoy our warped take on film & TV with a steady stream of pop-culture parody original series thoughtful commentary and whatever we can think of next.  Tuesdays: Honest Trailers Thursdays: ScreenJunkies Show Saturdays: Movie Fights,http://www.screenjunkies.com,https://twitter.com/screenjunkies,https://facebook.com/ScreenJunkies,https://itunes.apple.com/us/podcast/screen-junkies-movie-fights/id975948473?mt=2,https://www.districtlines.com/screenjunkies,https://plus.google.com/108055490202119434452,
https://www.youtube.com/user/MaterCarClub/about,DCTC Toy Channel,Hey there and welcome to DCTC! We are Disney Cars Toy Club and we love love love making super fun kid-friendly videos!   Some of our favorite things include Olaf Queen Elsa and Princess Anna (and anything Frozen actually) Mater (you know…Tow Mater - from Disney Pixar’s Cars and Cars 2) Play Doh Surprise Eggs Kinder Eggs Chocolate (and chocolate eggs!) Roc (our crazy dog - you'll see him in videos sometimes) Lightning McQueen Blind Bags Hello Kitty (meow!) Sofia the First Monster High (love Goulia's glasses!) BARBIE! And guess what? We can’t wait to hear more about you and what YOU like!  So you know what that means right? You have to leave us comments! Or... drop us a line here:  DCTC PO Box 104 Saxapahaw NC 27340  Business Inquiries ONLY Email: DCTC.Channel@gmail.com Sorry no birthday request or special video messages.,https://www.facebook.com/pages/Disney-Cars-Toy-Club/207062189487320,https://twitter.com/dctcfans,http://instagram.com/disney_cars_toy_club_dctc/,http://www.cafepress.com/dctcmerch,
https://www.youtube.com/user/KinoCheck/about,KinoCheck,Hot new movie trailer news and reviews in highest quality on a daily basis! KinoCheck is Germany’s largest movie-entertainment channel. Whether blockbusters like Star Wars 8 Assassin's Creed Movie Baywatch Doctor Strange Fast and Furious 8 Wonder Woman Justice League or indie movie trailers — we’ve got them all. In addition we create original content like reviews mashup’s and contest so you’ll always be up to date on the really good movies!  Don’t miss to visit our brand-new website https://KinoCheck.de  KinoCheck is a project of some.marketing GmbH & Co. KG,https://KinoCheck.de,http://www.youtube.com/user/KinoCheck?sub_confirmation=1&app=desktop&annotation_id=annotation_2697786943,http://m.me/KinoCheck,http://facebook.com/KinoCheck,https://www.youtube.com/Filme,https://instagram.com/KinoCheck,https://KinoCheck.de/filmstarts,https://KinoCheck.de/kritiken,https://kinocheck.de/impressum,http://KinoCheck.me/Teilnahmebedingungen,https://plus.google.com/111197825252972146505,
https://www.youtube.com/user/YouAlwaysWin/about,YouAlwaysWin,The Fun destination for YouTube Minecraft Left 4 Dead 2 (L4D2) & Call of Duty Zombies videos. Let Dumb and Dumber guide you through various Minecraft maps including adventure survival and parkour. Sit back and enjoy a custom Minecraft Animation as well as Minecraft Mods like Tekkit Pixelmon Hexxit etc...  Whether you play on Minecraft servers XBOX 360 PS3 or Minecraft Pocket Edition you'll love our Minecraft videos. We're also the #1 source for Left 4 Dead 2 Call of Duty Zombies & other Scary games. We post new Custom Zombies videos every day and enjoy playing other Zombie games. Whether you play on a PC XBOX One PS4 XBOX 360 or PS3 you'll love our L4D2 and COD Zombies videos.,https://twitter.com/YouAlwaysWin,http://www.youalwayswin.net/,
https://www.youtube.com/user/TheEducVideos/about,Kids' Toys,Welcome to KIDS' TOYS channel. Join us in discovering and collecting cool toys like Play Doh Kinder surprise eggs Barbie doll Robocar Poli cash register toys Minecraft Disney Frozen Cars 2 Monsters University Monster High doll Baby Alive doll Lalaloopsy LEGO Orbeez Disney Big Hero 6 Little Live Pets Hello Kitty Hot Wheels Pinypon Disney Playhouse Barbie dollhouse My Little Pony Thomas and Friends Monsters Inc Moon Dough Mickey Mouse Batman Superman Spiderman Talking Tom and a lot more... I also added some cool Japanese toys like Kracie Popin Cookin Kutsuwa Eraser Making Kit Re-Ment miniatures and Charms. Subscribe for more KIDS' TOYS surprises: https://www.youtube.com/user/TheEducVideos,http://www.facebook.com/kidstoyssurprises,http://www.youtube.com/user/theeducvideos,https://play.google.com/store/apps/details?id=com.app.kidstoys,https://plus.google.com/114758358474075837054,
https://www.youtube.com/user/wloltigerlolw2/about,Tiger Productions,ABOUT US: Hi there!  We create all kinds of compilations mostly about animals lego animations lego tutorials and other videos.. If u like our products please SUBSCRIBE! U can also add us on google+ or FB..  WANNA MAKE YOUR PET FAMOUS? We are opened to all kind of interesting animal clips so feel free to share them with us. If you  think your furry friend deserves to be famous send us youtube links or clips of your pet to: tigerlicensing@gmail.com  COPYRIGHT ISSUES: Our purpose when making COMPILATIONS is NOT to steal other people's videos but to share those in quality compilation with other people. If any owner of clips used in our compilation has a copyright issue feel free to contact us by personal message and add title COPYRIGHT ISSUE. We will remove the clip video or come to an agreement. Thank you.  Using or sharing our compilations is allowed so feel free to share them anywhere but it would be nice that you use direct link of video not of copies.,https://www.youtube.com/user/wloltigerlolw?feature=watch,https://www.facebook.com/pages/Tiger-Productions/218697918329530,https://www.youtube.com/user/wloltigerlolw3,https://www.youtube.com/user/wloltigerlolw4,https://plus.google.com/109312494230050765441,
https://www.youtube.com/user/guiadelociotv/about,Guia del Ocio,Un completo canal que informa de todo el ocio de 50 provincias de toda España y que se actualiza diariamente. Cuenta con todo el cine cartelera restaurantes dónde comer o cenar teatro obras en cartel conciertos giras música noche copas de moda arte cultura exposiciones pintura escultura museos niños dónde ir con niños especiales para niños ferias cursos aficiones Televisión y mucho más,https://plus.google.com/u/0/b/105225212817273462368/+guiadelocio/posts,https://twitter.com/guiadelocio,http://facebook.com/guiadelociocom,https://plus.google.com/105021990838146046630,
https://www.youtube.com/user/WatchMojo/about,WatchMojo.com,Top 10 lists on Music TV Film and Video Games. We publish 4 or more Top 10s daily. Subscribe for new top 10 lists every day and binge watch on Top 10s covering Pop Culture Celebrity Movies Music TV Film Video Games Politics News Comics and Superheroes. WatchMojo’s back catalogue has ten thousand videos on Top 10 lists Origins Biographies Tips How To’s Reviews Commentary and more  Your trusted authority on ranking Pop Culture.   Subscribe Now http://goo.gl/Q2kKrD - Ranking Pop Culture Since 2006!,https://www.facebook.com/watchmojo,https://www.twitter.com/watchmojo,https://www.instagram.com/watchmojo,https://www.snapchat.com/add/watchmojo,
https://www.youtube.com/user/barcroftmedia/about,Barcroft TV,Barcroft TV is the home of amazing exclusive video.  We update our YouTube site regularly with incredible real-life stories and footage - so stay tuned for more!  All our music comes from www.epidemicsound.com,http://www.barcroft.tv,http://www.facebook.com/barcroftTV,https://twitter.com/Barcroft_TV,http://instagram.com/barcroft_tv,https://plus.google.com/b/109352954399711636677/109352954399711636677/posts,https://plus.google.com/109352954399711636677,
https://www.youtube.com/user/78vwrabbit/about,Greg Mosier,YOLO !,http://gregorymosier.weebly.com/,https://www.facebook.com/gregorymosierphotography/,https://plus.google.com/106910692795528537683,
https://www.youtube.com/user/rhettandlink2/about,Good Mythical Morning,We are Rhett & Link and this is our daily morning talk show Good Mythical Morning.   Watch our show after the show for more videos every weekday: http://youtube.com/goodmythicalmore  Love the Mythical Crew? Watch new videos from them everyday of the week at: http://youtube.com/thisismythical  Check out our main channel for funny music videos sketches and ridiculous local commercials: http://youtube.com/rhettandlink  Our website has music merch and more: http://www.RhettandLink.com  Snail Mail:  PO Box 6578  Burbank CA 91510,http://youtube.com/rhettandlink4,http://twitter.com/rhettandlink,http://facebook.com/rhettandlink,http://instagram.com/rhettandlink,http://rhettandlink.tumblr.com/,http://rhettandlink.com,https://plus.google.com/113825681504586191360,
https://www.youtube.com/user/phreakindee/about,Lazy Game Reviews,Opinionated snarky commentary on games retro tech and more!  PC gaming Oddware The Sims thrifting Tech Tales etc  ● SCHEDULE: Mondays: more relaxed videos on whatever (shorter game reviews LGR Plays unusual topics) Fridays: usually more substantive videos on stuff (Reviews Oddware Tech Tales LGR Thrifts)  ● For business proposals email me at my business address below. Otherwise please use LGR social media to ask questions or just touch base!  ● If you're looking to donate anything email me or consider supporting LGR on Patreon: http://www.patreon.com/LazyGameReviews  "Laziness is a state of mind not necessarily a lack of action.",https://www.patreon.com/LazyGameReviews/,https://twitter.com/lazygamereviews/,https://www.facebook.com/LazyGameReviews,https://www.youtube.com/channel/UCz9uUFDhsPYii-ZihoKsbPg,http://www.twitch.tv/lazygamereviews,https://docs.google.com/spreadsheet/ccc?key=0Ar-cJK68JK-3dGxtNWo4enhRMWtxWFAyMGh4dW9nR2c,http://www.lazygamereviews.com/,http://www.cafepress.com/lgrshop,https://plus.google.com/114407182308042596122,
https://www.youtube.com/user/wloltigerlolw3/about,Tiger FunnyWorks,Hello!  We like creating all kind of videos you already may have seen our 2 other channels wloltigerlolw and Tiger Productions (wloltigerlolw2).  Well hope you like our work if you do please share it and don't forget to SUBSCRIBE :D no really I mean it! SUBSCRIBE God da**it ! :P  COPYRIGHT ISSUES:  Our purpose when making COMPILATIONS is NOT to steal other people's videos but to share those in quality compilation with other people.  If any owner of clips used in our compilation has a copyright issue feel free to contact us by personal message and add title COPYRIGHT ISSUE. We will remove the clip video or come to an agreement. Thank you.,https://www.youtube.com/user/wloltigerlolw2,https://www.facebook.com/pages/Tiger-Productions/218697918329530,https://www.youtube.com/user/wloltigerlolw,https://www.youtube.com/user/wloltigerlolw4,https://plus.google.com/110777826680753888317,
https://www.youtube.com/user/FlicksMovieTrailers/about,Flicks And The City Clips,The hottest movie & TV clips trailers interviews behind-the-scenes b-roll special features & deleted scenes!  We have permission and licenses to use all the materials on this channel. For any copyright issues please email copyright@flicksandthecity.com and we will get back to you.  For movie reviews easter eggs & deleted scenes explained giveaways amazing movie secrets comic con videos & exclusive interviews check out our main channel ► YouTube.com/FlicksAndTheCity  Want to contribute subtitles? Email via the button below!,http://www.youtube.com/subscription_center?add_user=flicksandthecity,http://twitter.com/FlicksCity,http://www.facebook.com/FlicksAndTheCity,http://FlicksAndTheCity.com,http://www.youtube.com/subscription_center?add_user=flicksmovietrailers,https://plus.google.com/103757067768610702786,
https://www.youtube.com/user/geobeats/about,geobeats,We create informative and entertaining videos around the world on topics such as travel lifestyle fitness style food and drinks. Let us know what you think of our channel. Leave us a comment!,http://www.geobeats.com,http://www.youtube.com/channel/UC_5qxE-6ITKqNYK6Z7EZYtQ?sub_confirmation=1,https://plus.google.com/117386436314474749373,
https://www.youtube.com/user/SuperSimpleSongs/about,Super Simple Songs - Kids Songs,Kids songs nursery rhymes and more! Learn and explore through song and movement with Super Simple Songs! Our team of educators has created some of the most popular children's songs on YouTube to get up move and sing along with! Get ready for a musical adventure in rhyme!,https://www.youtube.com/subscription_center?add_user=supersimplesongs,https://www.facebook.com/SuperSimpleLearning,https://itunes.apple.com/us/artist/super-simple-learning/id429247660?uo=4&at=10l7wf,http://instagram.com/supersimplelearning,http://www.pinterest.com/simplesongs,
https://www.youtube.com/user/topcompilationblog/about,CooL Vines,Top Vines Compilation,https://www.facebook.com/CooLVines1,https://plus.google.com/114836390071473636991,
https://www.youtube.com/user/Popscivideo/about,Popular Science,Popular Science is the best source for science and technology videos from the future. Subscribe to get the latest DIY projects science interviews tech news and lots and lots of robots delivered straight to you.,http://www.popsci.com?src=soc&dom=yt&loc=rrail,https://www.facebook.com/PopSci,https://twitter.com/PopSci,https://www.pinterest.com/popularscience,https://subscribe.popsci.com/servlet/ConvertibleGateway?cds_mag_code=PPS&cds_page_id=158147&cds_response_key=IWAPLAY00&cds_misc_1=social-ytb&cds_misc_2=00-000&cds_misc_3=&cds_misc_4=&cds_misc_5=,http://www.emagazines.com/insight/link/?user=5&g=E4EB52C5-B998-4065-8DE7-537C6BB446A2,http://www.emagazines.com/insight/link/?user=5&g=3B464BBD-22E7-488E-81A2-14809B0CE715,http://www.emagazines.com/insight/link/?user=5&g=9D47E086-24E7-40FA-ABE1-9EF8A93677AA,http://www.emagazines.com/insight/link/?user=5&g=901838FC-CBCF-4803-840A-C603A8857B6E,https://plus.google.com/112971505702976750152,
https://www.youtube.com/user/UniversalPicturesBRA/about,Universal Pictures Brasil,Você ama filmes? Inscreva-se em nosso canal para receber conteúdo exclusivo e ficar por dentro de todas as novidades da Universal Pictures Brasil. A Universal Pictures é o estúdio mais antigo de Hollywood sendo de extrema importância para a história do cinema e responsável por grandes sucessos de bilheteria.,https://www.facebook.com/UniversalPicturesBR,https://twitter.com/universalpicsbr,http://instagram.com/UniversalPicsBr,https://plus.google.com/113131616645681072039,
https://www.youtube.com/user/xoLPSlover1314xo/about,Gerrie Berrie,Just a teenage girl who tells her stories through tiny plastic toys.   P.O Box:  Gerrie Berrie Box 1 Number 6 Great Village Nova Scotia  B0M1L0 Canada,https://www.facebook.com/LPSGerrieBerrie,https://twitter.com/GerikaTurner,https://plus.google.com/109172122960156144651,
https://www.youtube.com/user/KOSGAMESON/about,KOSDFF VLOGS,I film my life and add cinematics. Thanks for watching!,https://electronicgamersleague.com/collections/kosdff?page=1,http://www.youtube.com/KOSDFF,http://www.twitter.com/KOSDFF,http://www.twitch.tv/KOSDFF,http://www.instagram.com/KOSDFF,http://www.facebook.com/KaliberKOSDFF,http://www.gfuel.com/kosdff,http://www.kontrolfreek.com/?a_aid=KOSDFF,http://scufgaming.com,http://bit.ly/EGLTKSHOP,http://amzn.com/w/3C9H324WDYF04,https://plus.google.com/115461756924723294190,
https://www.youtube.com/user/familyfunpack/about,Family Fun Pack,If someone's having fun it's our family!  Our daily videos include challenges parks epic road trips vlogs toys games food clothes and lots of other fun things!  We are the originators of the "costume runway" series on YouTube.  We have 5 kids:  Alyssa David Zac & Chris all born within 39 months of each other.... and their baby brother Michael!  Our motto is "fun with the family every day".  Thanks for visiting our channel. We love reading your comments! Please subscribe and enjoy watching our happy family grow up!   Want to send fan mail? If you'd like something back from us be sure to include a large size self-addressed and stamped envelope.   Here's our fan mail address: Family Fun Pack 8383 Wilshire Blvd. Suite #1050 Beverly Hills CA 90211 USA,https://www.facebook.com/pages/Family-Fun-Pack/262729447181961?ref=hl,https://www.twitter.com/familyfunpack,http://instagram.com/familyfunpack,https://shop.studio71us.com/collections/family-fun-pack,https://www.youtube.com/channel/UCAWlwILydRAPX0TUJeEH1tw,https://www.instagram.com/alyssafunpack/,https://www.instagram.com/daddy_fun_pack/,https://www.twitter.com/daddy_fun_pack,https://www.youtube.com/channel/UCEJpGxMVHCltUzIAMb8J4vQ,https://www.youtube.com/channel/UC_lIqNT-IVNinV4aUQUOGlA,https://www.youtube.com/channel/UCFkvaOM2Nc_8TtchHlH0ZBg,https://plus.google.com/112102156052955961652,
https://www.youtube.com/user/AnimalPlanetTV/about,Animal Planet,Animal Planet is the world's only entertainment brand that immerses viewers in the full range of life in the animal kingdom with rich deep content via multiple platforms and offers animal lovers and pet owners access to a centralized online television and mobile community for immersive engaging high-quality entertainment information and enrichment.,http://AnimalPlanetGO.com/,https://www.facebook.com/AnimalPlanet,http://www.twitter.com/AnimalPlanet,https://plus.google.com/115385867391314033546,
https://www.youtube.com/user/EpicToolTime/about,Epic Wildlife,Discover amazing new animal species & learn about the world's deadliest & most mysterious creatures with new wildlife videos every week.  Epic Wildlife is an educational & entertaining animal channel dedicated to making learning about nature fun and enjoyable for adults and kids of all ages. Here you'll find interesting animal facts giant snakes man eating saltwater crocodiles worldwide shark attacks deadly spiders bigfoot sightings mysterious creatures discovered strange new species prehistoric discoveries deep sea monsters & breaking animal news.   Our World is Amazing! Come explore it with us.,http://www.twitter.com/epicwildlife,https://www.facebook.com/epicadamwildlife,https://plus.google.com/u/0/100987998591712914407/posts,http://pinterest.com/epicwildlife,http://epicwildlife.tumblr.com/,http://www.stumbleupon.com/stumbler/epicwildlife,http://www.districtlines.com/epic-wildlife,https://plus.google.com/100987998591712914407,
https://www.youtube.com/user/TheBestVines/about,Dumb Genius,Dumb Genius bringing you the Best Funny Vines Compilations Try Not to Laugh Challenges Kids Animal and Fail Compilations! Featuring Viners like: King Bach Thomas Sanders David Lopez Amanda Cerny Brandon Bowen Ross Smith MeechonMars and more!,https://www.facebook.com/TheBestVines,https://docs.google.com/a/collabcreators.com/forms/d/1sR5Y6PyFGOpIMp6-j6XDAH3J07naG4ruRAfXyTOWZRE/viewform?c=0&w=1,https://plus.google.com/100333283738371521777,
https://www.youtube.com/user/songstowearpantsto/about,ANDREW HUANG,★ EXPLORING THE WONDER OF MUSIC ★   I'm a music producer working with lots of different genres and instruments including things that aren't instruments like pants and balloons. Passionate about sharing my knowledge and trying new things.  I have over 40 albums out which you can find at the links below. Become a patron to get the best deal on all my new music plus instant access to over 1000 b-sides and exclusive tracks! patreon.com/andrewhuang  I'm Canadian based in Toronto partially deaf married to a badass and I hate sleep.  ★ FREQUENTLY ASKED ★  Equipment? I put a pretty comprehensive list of what I use for each video in the description box. With Amazon links!  What do you edit with? Was FCP7 then FCPX now Premiere. They are all good with different very minor pros and cons.  How many instruments do you play? I don't really know. I just try to make noise with everything.,http://patreon.com/andrewhuang,http://facebook.com/andrewismusic,http://twitter.com/andrewismusic,http://instagram.com/andrewismusic,https://open.spotify.com/artist/7HifubxN0gO1nHbRIqWhrY,https://play.google.com/store/music/artist/Andrew_Huang?id=Alpsoonmkxmmis7pf4zjad444ki&hl=en,https://itunes.apple.com/artist/andrew-huang/id130057628,http://andrewhuang.bandcamp.com,http://soundcloud.com/andrewismusic,http://andrewismusic.tumblr.com,http://andrewismusic.com,https://plus.google.com/104428526557178454491,
https://www.youtube.com/user/CheekiiChaps/about,CheekiiChaps,im not actually from zimbabwe  mlg  Add me Twitter: twitter.com/cheekiichap Facebook: facebook.com/cheekiichaps Google+,https://plus.google.com/101566042214566898183,
https://www.youtube.com/user/NutsGum/about,NutsGum,
https://www.youtube.com/user/TheDiamondMinecart/about,DanTDM,Daily gaming videos with DanTDM :)  BUSINESS ONLY :: tdmbusiness@live.co.uk,http://bit.ly/TxtGm8,http://www.facebook.com/TheDiamondMinecart,http://www.twitter.com/dantdm,http://www.instagram.com/dantdm,https://plus.google.com/111822903685791223342,
https://www.youtube.com/user/TheEllenShow/about,TheEllenShow,For 14 incredible eventful and sometimes life-changing seasons Ellen has been making audiences laugh all over the world with her signature brand of humor and her powerful message of kindness. There's nobody better at making you laugh and brightening your day. You never know what funny can do!,http://www.ellentv.com,http://www.twitter.com/theellenshow,http://www.facebook.com/ellentv,http://instagram.com/theellenshow,http://ellentube.com/,http://pinterest.com/ellentv/,http://ellen.warnerbros.com/ellentogo/,http://scrapbook.ellentv.com,https://plus.google.com/113689144410560404035,
https://www.youtube.com/user/AlisonLovesJB/about,Alison Henry,Alison. 23. Atlanta based!    ☞LINKS☜ ➤instagram: @alisonhenryy @alisonhenrymakeup ➤business inquiries can email me at alisonhenrymakeup@yahoo.com  Thanks for watching!   xx,http://twitter.com/alisonhenryy,http://facebook.com/alisonlovesjbyoutube,http://instagram.com/alisonhenryy,http://pinterest.com/alisonhenryy,http://breatheinthesea.tumblr.com,http://askalisonlovesjb.tumblr.com,https://plus.google.com/102855705524451463451,
https://www.youtube.com/user/MayaTOOTS/about,The Pals,Hey! Welcome to The Pals!. We're a team that's dedicated to bringing you the highest quality kid friendly gaming content on Youtube! The channel originally began as an animation channel with Sub but later branched out into Minecraft Roblox and more with Denis Corl & Alex! Sketch joined us too! 100% Family Friendly and Kid Friendly!  Subscribe to stay notified about the latest uploads!  Our Roblox Usernames: RealSubZeroExtabyte CorlHorl DenisDaily & CraftedRL Sk3tchYT  Denis's Channel: http://bit.ly/1QUgm5j Corl's Channel: http://bit.ly/1WhnaNX Alex's Channel: http://bit.ly/1Lj6pkS Sketch's Channel: https://www.youtube.com/channel/UCfw6CRDOg5xQsB-2QNC_KUA,https://www.youtube.com/subscription_center?add_user=mayatoots,https://twitter.com/SubZeroExtabyte,https://plus.google.com/114231775424779513318,
https://www.youtube.com/user/ldshadowlady/about,LDShadowLady,Minecraft is love. Minecraft is life. Crazy Craft 3.0 Shadowcraft Minecraft Mini-games Minecraft mods & Random indie games! http://ldshadowlady.com/ I'm a 24 year old Let's Play Gamer called Lizzie! I love cats and anything cute :3  P.S. Sorry I don't have an upload schedule! I try to post frequently but I've found that the best videos are made when I'm inspired and motivated. Trying to stick to a schedule drains away all the spontaneity and excitement from making videos. I still want to keep this as fun as possible for me so hopefully it's more fun for you to watch too!  Channel Banner by: https://twitter.com/BlooSims,https://twitter.com/LDShadowLady,https://www.facebook.com/LDShadowLadyFB,https://instagram.com/LDShadowLady,http://www.twitch.tv/ldshadowlady,http://ldshadowlady.com/,https://plus.google.com/109951399932460497870,
https://www.youtube.com/user/ZeusTheServal/about,ZeusTheServal,FACEBOOK https://www.facebook.com/ZeusTheServal  EMAIL TO BE REACHED: ZeusTheServal@gmail.com (PROFESSIONAL INQUIRIES ONLY!)  Zeus The Serval is an African Serval. The serval is a medium-sized cat going up to 40-55lbs. It is a strong yet slender animal with long legs and a fairly short tail. Due to its leg length it is relatively one of the tallest cats. Usually the serval is boldly spotted black on tawny with two or four stripes from the top of the head down the neck and back transitioning into spots. Servals have the longest legs of any cat relative to their body size.   ATTENTION: Servals DO NOT MAKE GOOD PETS. They are illegal in all but 4 states and require special permits to own.,https://plus.google.com/108259121072480907278,
https://www.youtube.com/user/vat19com/about,Vat19,Vat19 is dedicated to "curiously awesome" gifts candy toys gummy putty puzzles games and more! In addition to making funny commercials you'll actually want to watch we produce amazing challenge videos document our outrageous contraptions and invite you to a front row seat for our silly stunts.  Sometimes we blow things up fill up a bathtub or pool with crazy stuff dare each other to eat super spicy foods and answer “burning questions” from our viewers.  Don't forget to SUBSCRIBE to our channel!  Shop curiously awesome gifts: http://www.vat19.com/?adid=youtube  *******************  Do you want to feature or do product reviews of our cool products in your videos?  Send an email to: youtube@vat19.com  If you're a brand or have a product you'd like featured on Vat19's channel email us: youtube@vat19.com  ******************* Instagram: http://instagram.com/vat19 Facebook: http://www.facebook.com/vat19 Snapchat: vat19team Twitter: http://twitter.com/#!/vat19,https://www.youtube.com/subscription_center?add_user=vat19com,https://www.vat19.com?adid=youtube,http://www.facebook.com/vat19,https://twitter.com/vat19,http://instagram.com/vat19,http://www.vat19.com/meet-vat19.cfm?adid=youtube,https://www.snapchat.com/add/vat19team,https://plus.google.com/104149877641335444132,
https://www.youtube.com/user/MoviepilotTrailer/about,Moviepilot Trailer,Die neusten deutschen Trailer in HD und Ultra HD/4K  zu den besten Filmen für 2017! Hier findest du alle deutschen Videos zu aktuellen Kino Highlights wie Star Wars Episode 8: Die Letzten Jedi The Avengers 3: Infinity War Spider-Man: Homecoming Justice League Der Dunkle Turm Deadpool 2 Wonder Woman Dunkirk Alien: Covenant Kingsman 2: The Golden Circle und vieles vieles mehr!  Wenn du immer auf dem Laufenden bleiben und keinen Trailer mehr verpassen willst dann besuche auch unsere Trailer-News-Sektion unter https://www.facebook.com/cinefeed und abonniere uns: http://www.youtube.com/subscription_center?add_user=moviepilottrailer,http://www.moviepilot.de,https://www.facebook.com/cinefeed,https://twitter.com/MPTrailer,http://www.youtube.com/playlist?list=PLC909B08B843E123D,http://www.moviepilot.de/pages/imprint,https://plus.google.com/106420588257210405305,
https://www.youtube.com/user/relaxmydog/about,Relax My Dog - Relaxing Music for Dogs,RelaxMyDog specialises in music designed for any breed of dog at any age.  The music is created for dogs who have anxiety problems or who are alone a lot and uses the power of music to calm and relax your pet.    It is perfect for those occasions which bring fireworks potentially scaring your pup or for a dog who suffers with separation anxiety.    The music uses sound sweep technology in order to capture your dog's attention and then combines lullaby-like melodies with classical music to keep your dog calm and soothed.  We have had great success with a number of fans' pets and will continue to bring you new music on a regular basis.  In the meantime please check in at our social media sites for lots of dog fun photos and more!  If you want to support us then you can do so through our Patreon page just take a look at our page and choose which tier suits you and thank you so very much for watching and giving! https://www.patreon.com/RelaxMyDog,http://www.relaxmydog.com,https://itunes.apple.com/album/calming-music-for-dogs-reduce/id716747799,http://www.facebook.com/RelaxMyDog,https://twitter.com/RelaxMyDog,http://www.instagram.com/relaxmydog,https://itunes.apple.com/gb/album/soothing-music-designed-for/id439733929,https://itunes.apple.com/gb/album/dog-relaxation-music-music/id553934892,https://itunes.apple.com/gb/album/music-to-calm-your-dog-relaxation/id554267610,https://itunes.apple.com/gb/album/pet-relaxation-music-to-relax/id669155777,https://itunes.apple.com/gb/album/music-to-calm-anxious-dogs/id637748437,https://www.facebook.com/relaxmydog,https://itunes.apple.com/album/calming-music-for-dogs-reduce/id716747799,https://plus.google.com/113361832499667582411,
https://www.youtube.com/user/CutiePieMarzia/about,Marzia,Welcome to my channel! I make videos about anything that interests me. If you would like to see more of me subscribe...we are going to have a lot of fun! ;)  *** For business offers please contact kat@reelstyle.co ***,http://www.marziaslife.com,http://twitter.com/MarziaPie,http://instagram.com/itsmarziapie,http://shopcutiepiemarzia.com,http://www.facebook.com/pages/CutiePie/347559301929634,https://plus.google.com/104858444407546220064,
https://www.youtube.com/user/MrTwistedPandora/about,TwiistedPandora,Welcome to my channel - where I play anything! Including: Roblox Minecraft Pokemon Outlast & MORE!!  Thanks for checking me out; hope you enjoy my videos! :D   Stay Snazzy Twisties! (:,https://twitter.com/TwiistedPandora,https://plus.google.com/110210910048059843719,
https://www.youtube.com/user/filmisnow/about,FilmIsNow Movie Trailers,Welcome to FILMISNOW Movie Trailers Channel your first stop for the latest new cinematic trailers the moment they are released. In addition to this we also produce original cool content to give our viewers a different perspective from just the trailer.   The FILMISNOW Network is one of YouTube's TOP 30 film & animation channels worldwide. Thanks to our viewers who love movies our network generates more than 60 million monthly views through our seven channels.  Contact us for any partnership enquiries content submission or other requests at filmisnowpromo@gmail.com  Contact us for any copyright issues at copyrightfilmisnow@gmail.com,https://www.youtube.com/watch?v=kPtEPh0a0MM&list=PLSBlhbfM-l3uuACqqNTcUM812oFyF66fQ,https://play.google.com/store/apps/details?id=com.filmisnow.app,https://itunes.apple.com/us/app/filmisnow/id932439474,https://twitter.com/filmisnow,http://www.youtube.com/user/worldcinemanews,http://www.youtube.com/user/filmisnowEU,https://www.youtube.com/user/FilmIsNow2,http://www.youtube.com/user/sneakpeakandfake,http://www.youtube.com/user/filmisnowHD,https://www.youtube.com/user/filmisnowextra,https://plus.google.com/106365512709089723332,
https://www.youtube.com/user/filmisnowextra/about,FilmIsNow Movie Bloopers & Extras,Bloopers & Gag Reel Featurette Deleted & Alternative Scenes Making of & Behind the Scenes and much more!  The FILMISNOW Network is one of YouTube's TOP 30 film & animation channels worldwide. Thanks to our viewers who love movies our network generates more than 40 million monthly views through our seven channels.  New videos every day!  Official website: Http://www.filmisnow.com  Contact us at filmisnowpromo@gmail.com Contact us for any copyright issues at copyrightfilmisnow@gmail.com,http://www.youtube.com/user/filmisnow,https://itunes.apple.com/us/app/filmisnow/id932439474,https://play.google.com/store/apps/details?id=com.filmisnow.app,https://www.facebook.com/pages/FILM-is-NOW/63415488435,http://www.youtube.com/user/worldcinemanews,http://www.youtube.com/user/filmisnowEU,http://www.youtube.com/user/sneakpeakandfake,http://www.youtube.com/user/filmisnow2,http://www.youtube.com/user/filmisnowHD,http://www.filmisnow.com,https://plus.google.com/108899533391872266877,
https://www.youtube.com/user/Promise21111/about,Promise Phan,This is my second Youtube Channel well actually my 3rd  (couldn't access to my 2nd one I opened ) If you want more Promise in your life Feel free to SUBSCRIBEEE   I will be posting fun videos here   For Business & PR opportunities please email both: mngmt@ufluencers.com & Promisephan@gmail.com,https://plus.google.com/116552440388142359650,
https://www.youtube.com/user/LEGO/about,LEGO,Hello! Welcome to the home of the official LEGO® channel thanks for dropping by! We hope to inspire and develop the builders of tomorrow so come and join us and watch your favorite Minifigure characters from LEGO Elves The LEGO Movie LEGO CITY LEGO Star Wars™ LEGO Ninjago LEGO Bionicle and more come to life in exclusive webisodes and stop motion videos!   THERE ARE SO MANY FUN THINGS TO DO!! 1. Watch Playlists 2. Sort by LEGO theme 3. Subscribe for updates (click the red "Subscribe" button in the upper right of this page) 4. Make a custom Playlist (click 'video options' then 'add to playlist' on any LEGO video you like! You can add to an existing playlist or make a new one.  Be sure you're signed in!)  We've even drafted in our very clever LEGO designers and builders to let us in on some of their secrets so keep a look out for those to get some tips on how to build like a pro.  SUBSCRIBE FAVORITE LIKE and...enjoy!  See more at www.LEGO.com,https://www.facebook.com/LEGO,http://instagram.com/LEGO,http://www.pinterest.com/LEGO,http://www.lego.com,https://plus.google.com/118199612297395338408,
https://www.youtube.com/user/earthling1984/about,Earthling1984,RC Pets Offroading Electronics Fishing Camping & More!  Good videos good people good subscribers!  Join the fun!  Twitter: https://twitter.com/earthling1984  Also be sure to check out my cooking channel: EarthlingCooks,https://www.paypal.com/cgi-bin/webscr?cmd=_s-xclick&hosted_button_id=Y8DWU9L9ZDETL,https://plus.google.com/108500669533563831097,
https://www.youtube.com/user/Howcast/about,Howcast,Emphasizing high-quality instructional video production Howcast brings you leading experts and accurate reliable information on topics ranging from makeup tutorials cute hairstyles and nail art designs to soccer tricks parkour and skateboarding plus how to dougie how to kiss and much much more. Howcast empowers people with engaging useful how-to information wherever whenever they need to know how.,http://howcast.com,http://www.facebook.com/howcast,http://www.twitter.com/howcast,https://plus.google.com/108346356309721443249,
https://www.youtube.com/user/AVAsingapore/about,AVAsingapore's channel,
https://www.youtube.com/user/PETCOAnimalSupplies/about,Petco,Subscribe for your weekly pet videos on: how to train and care for your pets; your true pet stories of love joy and triumph; and our latest contests and deals at Petco.  Petco is a leading specialty retailer that focuses on nurturing the powerful relationship between people and pets. We do this by providing the products services advice and experiences that keep pets physically fit mentally alert socially engaged and emotionally happy. Everything we do is driven by the idea that together anything is possible. Visit us at www.petco.com to learn more.    We're glad you're here and invite you to comment on our videos or send us videos of you and your animal companion at Petco. Here are a few guidelines for posting so this remains a fun and safe place for everyone. YouTube Channel Moderation Policy: http://bit.ly/1hjW4Sd  Participation and interaction with Petco via social media is subject to the terms and conditions found here: http://bit.ly/UiJTMi,http://www.petco.com,https://www.facebook.com/PETCO,https://twitter.com/petco,
https://www.youtube.com/user/kbsworld/about,KBS World TV,KBS World is a television channel for international audiences provided by the Korean Broadcasting System (KBS). It's your premier window on Korean contents with a nonstop 24-hour a day 7-day a week stream of Korea's latest and most popular programs.,http://www.kbsworld.co.kr,http://www.twitter.com/kbsworldtv,http://www.facebook.com/kbsworld,http://plus.kakao.com/friend/@kbs_world,http://instagram.com/kbsworldtv,http://kbsworld.tumblr.com/,https://plus.google.com/104963191499169217814,
https://www.youtube.com/user/Mickeyjuice/about,Mickeyjuice,https://plus.google.com/115588569436817133037,
https://www.youtube.com/user/movieclipsTRAILERS/about,Movieclips Trailers,Welcome! The Fandango MOVIECLIPS Trailers channel is your destination for hot new trailers the second they drop. The Fandango MOVIECLIPS Trailers team is here day and night to make sure all the hottest new movie trailers are available whenever you want them.  In addition to hot new trailers we give you original content like Ultimate Trailers Instant Trailer Reviews Monthly Mashups Awards Show Coverage and so much more to keep you up-to-date on what's new and what you should be watching.  Looking for more awesome movie content? Check out our other channels in the links below!,https://www.youtube.com/movieclips,http://movieclips.com,http://www.facebook.com/movieclips,https://twitter.com/MOVIECLIPS,http://instagram.com/movieclips,http://pinterest.com/movieclips,https://www.snapchat.com/add/fandango,https://www.youtube.com/user/FandangoMovies,https://www.youtube.com/user/oldhollywoodtrailers,https://www.youtube.com/user/FilmFestivalVideos,
https://www.youtube.com/user/TimeToPlayMag/about,TTPM Toy Reviews,TTPM is a family-friendly toy review channel where you’ll find all the videos featured on TTPM.com. TTPM provides comprehensive independent objective reviews of toys by our team of experienced toy reviewers. Plus we help you shop finding the lowest prices and availability at leading retailers with just one click. Our videos and reviews help you make informed decisions about the toys you and your kids are looking for—Hot Wheels Barbie Monster High Ever After High NERF Transformers Play-Doh LEGO Shopkins Tsum Tsum and from all major movies and TV shows from Disney Universal Warner Bros. Nickelodeon Cartoon Network and more. Come play with us and discover all the toys you’ll want when your kids say “play with me!”,http://www.ttpm.com,https://www.facebook.com/TTPMofficial,https://twitter.com/ttpm,http://pinterest.com/TTPMofficial,http://instagram.com/TTPMofficial,https://www.snapchat.com/add/ttpmofficial,https://plus.google.com/101831201199518351896,
https://www.youtube.com/user/Ma7amed/about,Mohamed Mostafa,https://plus.google.com/104506290612197350000,
https://www.youtube.com/user/TheSims/about,The Sims,This is the Official YouTube channel for The Sims™ where videos and Live Broadcasts created by Electronic Arts' (EA) Maxis Label are featured and released on behalf of The Sims franchise. The Official YouTube channel for The Sims also features player-created videos and content from The Sims' community of players from around the world. For more information about The Sims visit www.thesims.com,http://www.thesims.com,http://www.facebook.com/thesims,http://www.twitter.com/thesims,http://help.ea.com/the-sims/the-sims-4/,https://plus.google.com/113155661231449639608,
https://www.youtube.com/user/Vsauce2/about,Vsauce2,Subscribe for Mind-Blowing Science Technology & People.   Vsauce2 launched in December 2010 and is run by Kevin Lieber  Vsauce is... Michael Stevens: Producer/Host of Vsauce1 Kevin Lieber: Producer/Host of Vsauce2 Jake Roper: Producer/Host of Vsauce3 Eric Langlay: VFX for Vsauce1/2/3 Hannah Canetti: Writer/Editor of D.O.N.G. Alisha Garza: Coordinator You: Thanks for watching!,http://curiositybox.com,https://twitter.com/VsauceTwo,https://www.instagram.com/kevlieber/,https://www.facebook.com/VsauceTwo,https://plus.google.com/100225227491323248537,
https://www.youtube.com/user/petshopboys/about,Pet Shop Boys,This is the official YouTube channel of Pet Shop Boys. On this channel you will find all of the official video content from Pet Shop Boys including music videos single playlists album playlists live show footage and more.  Subscribe here http://smarturl.it/petshopboysyoutube Website http://smarturl.it/petshopboyswebsite  Pre Order the forthcoming album 'Super'; Download http://smarturl.it/petshopboyssuperdl CD http://smarturl.it/petshopboyssupercd Vinyl http://smarturl.it/petshopboyssuperlp  Follow the Super playlist on Spotify http://smarturl.it/petshopboyssuperpl  Follow the Super album playlist on Youtube http://smarturl.it/petshopboyssuperytpl  Follow Pet Shop Boys Facebook http://smarturl.it/petshopboysfacebook Twitter http://smarturl.it/petshopboystwitter Youtube http://smarturl.it/petshopboysyoutube Spotify http://smarturl.it/petshopboysspotify Instagram http://smarturl.it/petshopboysinsta  www.petshopboys.co.uk,http://www.petshopboys.co.uk,https://twitter.com/petshopboys,http://www.facebook.com/petshopboys,https://www.instagram.com/petshopboys/,https://plus.google.com/103586251140494698613,
https://www.youtube.com/user/wyfftv/about,WYFF News 4,WYFF4.com is your top source for Live Local Breaking News in Upstate South Carolina and Western North Carolina. Look to WYFF4.com for breaking news community news weather politics and viral videos.,http://www.wyff4.com/news,http://www.wyff4.com/weather,http://www.wyff4.com/emailnewsletters/,http://www.wyff4.com/sports,http://www.wyff4.com,https://plus.google.com/109881930823523156214,
https://www.youtube.com/user/PetAirways/about,Pet Airways,You see on Pet Airways your pets aren't packages they're Pawsengers.™ And every step of the journey we'll take care of them as if they were our own. While Zoe passed on in June 2010 she will forever be the wind beneath our wings. Now from heaven she'll have the best view of all our flying Pawsengers.™,http://www.petairways.com,https://www.facebook.com/petairways/,https://twitter.com/PetAirways,http://www.instagram.com/petairways,
https://www.youtube.com/user/ABCNews/about,ABC News,Make ABC News your daily news outlet for breaking national and world news broadcast video coverage and exclusive interviews that will help you stay up to date on the events shaping our world. ABC News’ show roster has both leaders in daily evening and morning programming. Kick start your weekday mornings with news updates from Good Morning America (GMA) and Sundays with This Week with George Stephanopoulos. Get your evening fix with 20/20 Nightline and ABC World News Tonight with David Muir. Head to abc.go.com for programming schedule and more information on ABC News.,http://ABCNews.com,http://twitter.com/ABC,http://fb.me/ABCNews,https://www.instagram.com/abcnews/,http://fb.me/WorldNews,http://twitter.com/ABCWorldNews,http://fb.me/ABCWorldNewsNow,http://twitter.com/abcWNN,http://fb.me/ABCNewsNightline,http://twitter.com/Nightline,http://fb.me/GoodMorningAmerica,http://twitter.com/GMA,http://fb.me/ABC2020,http://twitter.com/abc2020,https://plus.google.com/108686021205441482363,
https://www.youtube.com/user/EnglishTeacherEmma/about,Learn English with Emma [engVid],Hi my name is Emma and I'm going to teach you English! Learning a different language can be hard but it can also be a fun and rewarding experience.  I am TESOL-certified and have taught students from various backgrounds ages and levels. From immigrants to international students private lessons to classrooms my experiences have been varied and have allowed me to gain insight into the challenges that ESL students face.  Teaching is one of those great professions that allow you to be forever learning. While I teach students both French and English they teach me about their cultures their lives and other ways to see the world. It is a privilege to teach and I am thankful for all of my students over the years who have shared their stories interests and dreams with me.,http://www.engvid.com/,http://www.facebook.com/learn.english.free,https://twitter.com/engVid,https://vk.com/engvid,http://www.youtube.com/subscription_center?add_user=EnglishTeacherEmma,https://plus.google.com/111319494083097928897,
https://www.youtube.com/user/AnimalistNetwork/about,Animalist,Animalist is your destination for all things animal on the web. From the exotic to the domestic from the cute to the weird we cover the whole animal kingdom. We have breaking animal news stories and funny animal sketches. And yes we have cat videos--lots and lots of cat videos. Start with Animalist News our daily news show with hilarious hosts Alex Farnham and Catie Wayne and new episode of Weird Gross Beautiful with Catie Wayne every Wednesday. Then make sure you check out all our other Animalist shows like Best Breed Ever! Pudge It Yourself Big Cat Rescue Lil BUB's Big SHOW Cat Mojo With Jackson Galaxy Petsami and more!  Our full lineup of programming can be found at Animalist.com a Discovery Digital Network.,http://animalist.com/,https://www.facebook.com/AnimalistNetwork,https://twitter.com/animalists,http://instagram.com/animalists,http://www.pinterest.com/animalists/,https://plus.google.com/102315756768159443827,
https://www.youtube.com/user/NCNatureNews/about,GoHerping,I'm Alex and I make videos on the coolest living things on Earth: Reptiles & amphibians.  SEE MY CAMERA GEAR & REPTILE SUPPLIES: https://kit.com/GoHerping  SEE MORE: http://goherping.com  “If we can teach people about wildlife they will be touched. Because humans want to save things that they love" -Steve Irwin (1962-2006)  F.A.Q.  Q. Wait you can drive? You're like 14. A. ...Close enough.  Q. How many animals do you have? A. 5 snakes 2 lizards 2 turtles 6 toads.  Q. Sub or shoutout pls? A. No go away lol,http://www.goherping.com,http://instagram.com/go_herping,http://twitter.com/goherping,https://plus.google.com/110168645182833846539,
https://www.youtube.com/user/AllRamonesMusic/about,Ramones Music,-High Quality MP3 Music -Full Album Artwork -Includes lyrics -New videos uploaded regularly  -Includes live and unreleased tracks  The Ramones formed in Queens New York in 1974 kicking off the first wave of punk music. The band has been credited as one of the most influential rock bands of all time.   Every Ramones song that has ever existed will be uploaded to this channel. To find a Ramones song you wish to listen to just type the name of the song into the search box by the video scroller and hit "Search".  FACEBOOK: Like us on Facebook for your chance to win Ramones Collectibles! https://www.facebook.com/allramonesmusic    Ramones:,https://www.facebook.com/RamonesMusic,
https://www.youtube.com/user/CNN/about,CNN,CNN operates as a division of Turner Broadcasting System which is a subsidiary of Time Warner. CNN identifies itself as -- and is widely known to be - the most trusted source for news and information. The CNN umbrella includes nine cable and satellite television networks two radio networks the CNN Digital Network which is the top network of news Web sites in the United States and CNN Newsource the world's most extensively syndicated news service. CNN is proud of our ability to bring you up-to-the-minute news from around the world as a result of our many extensions.,http://www.cnn.com/,http://facebook.com/cnn,http://twitter.com/cnnbrk,http://edition.cnn.com/,
https://www.youtube.com/user/racheldoesstuff/about,racheldoesstuff,My comedy videos!,http://racheldoesstuff.com,https://plus.google.com/112439007770428816158,
https://www.youtube.com/user/MagicPetsSongs4Kids/about,Morphle TV,Hi! I'm Mila and I have a magic pet called Morphle. He can morph into anything I want him to! Together we have all sorts of adventures.  Copyright © 2011 My Magic Pet Morphle™ is YouTube original kids series created by Morphle TV™ ALL RIGHTS RESERVED.,http://www.mymagicpetmorphle.com/,https://www.facebook.com/morphle,https://plus.google.com/105521330618463708527,
https://www.youtube.com/user/BuzzFeedVideo/about,BuzzFeedVideo,BuzzFeed Motion Picture’s flagship channel. Sometimes funny sometimes serious always shareable. New videos posted daily!,http://bzfd.it/2cphJeo,https://www.facebook.com/BuzzFeedVideo,http://twitter.com/buzzfeedvideo,http://www.buzzfeed.com/,https://www.youtube.com/playlist?list=PL5vtqDuUM1DmODGWPy7-eEn3VjJALGApT,https://plus.google.com/116847826345074596313,
https://www.youtube.com/user/xchomperoviskera/about,xchomperoviskera,
https://www.youtube.com/user/Shadowblood66/about,Bart Coppens,Welcome to my channel. I am Bart Coppens and I have a passion for insects.  I like rearing many kinds of species. Butterflies and moths are my favorites (Lepidoptera) while I also keep stick insects mantids beetles and more.  Most of my videos feature insects. Take a look at my Flickr too if you are interested!,http://breedingbutterflies.com/,https://www.facebook.com/bart.coppens.94,https://www.flickr.com/photos/75668720@N05/sets/72157631693426819/,https://plus.google.com/101038520402485805918,
https://www.youtube.com/user/WildlifeBernie/about,WildlifeBernie,I'm a wildlife educator with common exotic animals and one Canada Lynx. All are ambassadors educating the public. I possess a federal and state license to exhibit and educate with these animals. My videos are either training videos with Max in the beginning or just fun videos of my animals. Please understand that Max is comfortable on a leash. It allows me the opportunity to bring him out of his exhibit cage during educational presentations. This is a safe way for him to receive enrichment on our property.    I often hear "wild animals belong in the wild." What happens when there is no "wild" left? When the wild is gone there are two options: captivity or extinction. Education is the key to our species survival and the protection of our environment  Just to be clear my lynx is captive bred and can never be released into the wild.  Also please be aware that ALL comments are moderated. Clean comments please.,http://www.wildlifeeducationbybernie.wordpress.com,https://plus.google.com/101821880084156500321,
https://www.youtube.com/user/HowcastArtsRec/about,HowcastArtsRec,Need a hobby? Take your pick of old pastimes and new sidelines with our how-to's covering everything you've ever thought of filling your free time with. You'll never be bored again! Howcast empowers people with engaging useful how-to information wherever whenever they need to know how.,http://howcast.com,https://plus.google.com/118242415288326494545,
https://www.youtube.com/user/alexxwassabi/about,Alex Wassabi,If you're not smiling you're doing it wrong :),https://instagram.com/AlexWassabi,https://twitter.com/AlexWassabi,https://plus.google.com/109658048886620037588,
https://www.youtube.com/user/klaatu42/about,Talking Animals,Your one stop shop for furry things that talk!,http://talkinganimalmerch.com,http://twitter.com/talkinganimals,https://www.facebook.com/pages/Talking-Animals/119667514742928,http://klaatufilms.com/submit,https://plus.google.com/113853287412245300266,
https://www.youtube.com/user/geektofreakfitness/about,Freak World,Welcome to Freak World   This channel use to be my life vlog known as "Geek To Freak Fitness & Lawn Care"  If you are a Super Fan of Toy Freaks & Freak Family Vlogs then this is where you will find even more videos from Freak Daddy Victoria & Annabelle. All the videos on Freak World will feature Freak Daddy in them.   We Love you Freaks! :),https://instagram.com/toy_freaks/,https://plus.google.com/105927330269672814236,
https://www.youtube.com/user/NoahJ456/about,NoahJ456,NoahJ456 is a gaming YouTuber who loves video games and does daily livestreams of gameplay videos! #Broahs,http://www.twitter.com/noahj456,https://www.instagram.com/NoahJ456,http://www.twitch.tv/NoahJ456,https://www.facebook.com/noahj456,http://www.NoahJ456Shop.com,https://plus.google.com/101191241596299870026,
https://www.youtube.com/user/Anmlwndrs/about,AnimalWonders Montana,Animal Wonders on YouTube shows our animals being amazing and also shares behind the scenes footage of what it's like to care for 80+ exotic animals and share education locally and on the internet.,http://www.animalwonders.org,https://www.facebook.com/pages/Animal-Wonders-Inc/313837820385,http://animalwondersmontana.tumblr.com/,http://www.patreon.com/animalwonders,https://plus.google.com/118383268913071334592,
https://www.youtube.com/user/BestCompilationVine/about,BestVine,- Email your vines to realbestvine@gmail.com,https://www.facebook.com/RealBestVine,http://twitter.com/RealBestVine,https://www.youtube.com/channel/UCztVhjYQ-z1HCoEbIQLz7lg,https://plus.google.com/117109580424007016578,
https://www.youtube.com/user/RatBetcha/about,RatBetcha,
https://www.youtube.com/user/TotalHalibut/about,TotalBiscuit The Cynical Brit,YouTube's #1 PC gaming critic. Sick of game reviews? Watch lengthy first impressions gameplay with honest and informative commentary. Get an idea about what you're getting into before you spend your money with "WTF is.." YouTube's most popular first impressions gaming series  MEDIA/DEVELOPER & PUBLISHER INQUIRIES: pr[at]cynicalbrit.com  WARNING: ONLY SEND KEYS TO THE LISTED EMAIL ADDRESSES. SEVERAL PEOPLE HAVE ATTEMPTED TO SCAM KEYS WITH SPOOFED ADDRESSES.  The channel does not take requests.  System Specs:  CPU: Intel Core i7-5930K @ 4.0ghz. RAM: Corsair Vengeance LPX 16GB DDR4-2800 BOARD: ASUS Rampage V Extreme COOLER: Corsair H110i GPU: 2x Nvidia Geforce GTX 1080 SSDs: 3x Sandisk Extreme Pro 480gb 1x Samsung 950 PCI-E SSD. OS: Windows 7 x64 Ultimate. DISPLAY: Asus ROG SWIFT PG278Q 1440p 144hz G-sync monitor.  Capture: DXTory/FRAPs Microphone: EV RE20 Audio interface: RME Babyface.,http://twitch.tv/totalbiscuit,http://twitter.com/totalbiscuit,http://facebook.com/cynicalbrit,https://soundcloud.com/totalbiscuit,http://twitter.com/cynicalbrit,http://www.youtube.com/show/contentpatch,http://www.youtube.com/show/wtfis,http://store.steampowered.com/curator/1370293/,https://chrono.gg/tb,https://plus.google.com/116829913155105385874,
https://www.youtube.com/user/Filme/about,KinoCheck International,Hot new movie trailer news and reviews in highest quality on a daily basis! KinoCheck is Germany’s largest movie-entertainment channel. Whether blockbusters like Star Wars 8 Assassin's Creed Movie Baywatch Despicable Me 3 Fast and Furious 8 Wonder Woman Justice League or indie movie trailers — we’ve got them all. In addition we create original content like reviews mashups and contest so you’ll always be up to date on the really good movies!  Don’t miss to visit our brand-new website https://KinoCheck.de  KinoCheck is a project of some.marketing GmbH & Co. KG,https://KinoCheck.de,http://www.youtube.com/user/KinoCheck?sub_confirmation=1&app=desktop&annotation_id=annotation_2697786943,http://facebook.com/KinoCheck,http://twitter.com/KinoCheck,https://instagram.com/KinoCheck,https://KinoCheck.de/filmstarts,https://KinoCheck.de/kritiken,https://kinocheck.de/impressum,http://KinoCheck.me/Teilnahmebedingungen,https://plus.google.com/102051903913360590615,
https://www.youtube.com/user/PetsAddLife/about,Pets Add Life,Pets Add Life (PAL) is a non-profit PSA campaign dedicated to promoting the joys and benefits of responsible pet ownership.   Pets need a pal to talk to. Get a pal for your pet.  Check out our Spanish channel at https://www.youtube.com/PetsAddLifeSpanish,http://www.petsaddlife.org,http://www.twitter.com/petsaddlife,http://www.facebook.com/petsaddlife,http://petsaddlife.wordpress.com/,https://plus.google.com/113005259788487522589,
https://www.youtube.com/user/FilmIsNow2/about,FilmIsNow Trailer & Clip in Italiano,Benvenuti a FILMISNOW Trailer & Clip in Italiano! Qui trovate recensioni di film trailer clip interviste classifiche filmati in HD sulle prossime uscite cinematografiche e ultime notizie dal mondo dello spettacolo!   Il network FILMISNOW è nella TOP 15 mondiale nella categoria film e animazione su YouTube. Grazie ai nostri telespettatori che amano i film il nostro network genera oltre 60 milioni di visite mensili attraverso i nostri sette canali.  Per offerte commerciali collaborazioni e fornitura di contenuti contattate: filmisnowpromo@gmail.com  Per questioni di copyright contatte: copyrightfilmisnow@gmail.com  Movie Trailers & Clips Celebrity Interviews Movie and Entertainment News and much more! New videos every day!,https://www.facebook.com/filmisnowitalia,https://www.instagram.com/filmisnowtrailer/,https://play.google.com/store/apps/details?id=com.filmisnow.app,https://itunes.apple.com/us/app/filmisnow/id932439474,http://www.youtube.com/user/filmisnowEXTRA,http://www.youtube.com/user/worldcinemanews,http://www.youtube.com/user/filmisnowHD,http://www.youtube.com/user/sneakpeakandfake,http://www.youtube.com/user/filmisnowEU,http://www.filmisnow.com,https://twitter.com/italianmovie,https://www.youtube.com/playlist?list=PLDs-H6Q4jRpMqswrT7gJrB1O7MtjQDIl6,
https://www.youtube.com/user/TEILO21/about,TEILO JUAREZ,https://plus.google.com/116102561456123305454,
https://www.youtube.com/user/parlophone/about,,
https://www.youtube.com/user/storyful/about,Storyful,Who are we?  Have you ever uploaded a video and not known what to do with it once the view count starts rising? Well that's where we come in!  Storyful is a social news agency that aims to promote monetize and protect great content from news to weather to viral videos. Our Viral team continuously works to discover the latest trending user generated content in order to promote it worldwide.  Our clients range from the biggest news outlets like the New York Times ABC BBC Vice News to global online partners like AOL Yahoo and MSN to producers of popular TV shows such as the Ellen Show and MTV's Ridiculousness.  Our goal is to help your video get discovered and go viral while we monetize and protect your video on YouTube and around the Internet.  Want to know more?  You can visit http://licensed.storyful.com/sell_videos for more information on how you can partner with Storyful.,http://licensed.storyful.com/sell_videos,http://www.facebook.com/Storyful,http://twitter.com/storyful,https://plus.google.com/101099271600373444913,
https://www.youtube.com/user/jayson9938/about,jayson9938,
https://www.youtube.com/user/TheOtherMau5/about,TheOtherMau5,Welcome to my youtube channel guys! THIS IS NOT THE REAL DEADMAU5 I AM JUST A FAN. Just sit back relax and enjoy the best mau5 tracks in the highest quality on youtube!,http://www.deadmau5.com/,http://soundcloud.com/suralo,https://www.facebook.com/suralomusic,http://adf.ly/ENyQ8,https://plus.google.com/100894897678601524414,
https://www.youtube.com/user/expertvillage/about,expertvillage,Enjoy Expert Village videos?  Every detail counts when you're learning-- clear picture quality videos so you dont miss the essential information.  Check out the HD quality videos our friends at eHow.com have on their YouTube channel.  More eHow HD videos coming soon!,http://www.ehow.com/,https://twitter.com/#!/ehow,https://www.facebook.com/EVGuide,http://www.youtube.com/subscription_center?add_user=expertvillage,https://plus.google.com/101597079225209749475,
https://www.youtube.com/user/EnzoShelby67/about,Freeze Lists,TECHNOLOGY  |  INVENTIONS  |  INNOVATIONS  |  MIND-BLOWING CREATIONS  FREEZE HD IS NOW FREEZE LISTS  !!!! We are excited to announce our new name FREEZE LISTS! For 2 and a half years we have brought you the latest in innovation and technology. Initially focusing on crowdfunded innovations we have grown into more than that.  YOU have been with us from our early days and walked with us as we adopted the exciting and free flowing “List” format of videos.  Now we have renewed zeal to bring you even more content covering a wider variety of topics in the fields of technology and innovation among others! And our new name Freeze Lists allows us to fully focus on that. Thank YOU for the journey we have had so far! Together let's get entertained let's get educated and let’s learn new things we never knew existed! NOTE: You can now watch Freeze Lists in Spanish and German in our new channels Freeze Lists ESPAÑOL [https://goo.gl/bM38rd] and Freeze Lists DE [https://goo.gl/IKd6xM]. Enjoy!,https://www.youtube.com/channel/UC2d9B6xq08kts8LNaYMx_fw,https://www.facebook.com/Freeze-HD-347866325338115/,https://goo.gl/IKd6xM,https://plus.google.com/105571961129245303109,
https://www.youtube.com/user/AmerVetMedAssn/about,AmerVetMedAssn,The official American Veterinary Medical Association YouTube channel. We hope you find it informative and entertaining. For more information about any of the topics we address here check out our website at www.avma.org.,http://www.avma.org,https://plus.google.com/108176564467508559152,
https://www.youtube.com/user/kids440/about,Blue Bell Kids,O Blue Bell possui 19 anos de experiência excelência e pioneirismo no ensino de inglês para crianças! Nossas aulas são lúdicas e divertidas com jogos músicas e brincadeiras que ajudam as crianças a aprender a língua estrangeira de maneira natural e eficiente.   Criamos os projetos Kids and Songs e Babies and Sounds que são propostas inovadoras no ensino de idiomas para bebês a partir de 06 meses e crianças de até 4 anos cuja a música é o principal recurso pedagógico.   Rua São Domingos do Prata 390 São Pedro BH/MG (31) 3221-4634 / 3234-6024 | www.bluebellidiomas.com.br,https://plus.google.com/104703599909952180513,
https://www.youtube.com/user/xpotbrowniex/about,Slayerholik,No videos pc is shot. sorry,https://twitter.com/Slayerholik,https://plus.google.com/114564929968499956729,
https://www.youtube.com/user/harvestech/about,VideMan Vids,"Best Vine compilation. Most popular Daily Weekly and Monthly Hottest Vines!  This is alternative Vine website. You can watch most amazing 6 sec Vines without Vine mobile application.  Search Vines by tags Viners or description.,https://plus.google.com/107967527938561145113,
https://www.youtube.com/user/LiebermannRamone3/about,LiebermannRamone3,Hi Ramones community! I'm Liebermann Ramone and I'm here to Share all the ORIGINAL Ramones videos with you. I used to be sick and tired of watching Ramones video on YouTube Why? it was just fucking videos with a disgusting quality and the worst audio on the planet. It always made me feel Angry so I decided to upload  the videos I had  always wanted to watch. I really hope you enjoy the videos It's been  very hard to upload them so Stop watching that Ugly Ramones Videos on YouTube and be part of the Best RAMONES Channel in the World.  Every Ramones Music Video that has ever existed will be uploaded to this channel.  Ramones:  -Joey Ramone (Vocals 1974 - 1996) -Johnny Ramone (Guitar 1974 - 1996) -Dee Dee Ramone (Bass 1974 - 1989) -Tommy Ramone (Drums 1974 - 1978) -Marky Ramone (Drums 1978 - 1983) 1987 - 1996 -C. Jay Ramone (Bass 1989 - 1996) -Richie Ramone (Drums 1983 - 1987),
https://www.youtube.com/user/Games4Kickz/about,Games4Kickz,I'm the German dude with the bad Irish accent that loves playing games and entertaining people. Follow me on Twitter for content updates and changes to series or just to have a chat about games you might want to see on the channel etc..  I post at least 1 Daily video but 2 when ever I can and sometimes 3. Times usually are 7PM 8:30PM 10PM (GMT)  ▼ Content I post/focus on ▼ ► Survival games (Mainly 7Days To Die) ► Horror Games ► Any game that I enjoy  ☺☻ I hope you enjoy the channel and join the home of the G4KNinjas for more ☻☺  ▼ FOR DEVELOPERS ▼ If you are a developer specially for Horror or Survival Games and you would like me to check out your game feel free to contact me on business[at]games4kickz[dot]com  ▼ PC-Spec ▼ ► i7-5820k @4.4Ghz ► 8GB MSI Geforce GTX 1080 Gaming X ► Blue Yeti Microphone ► Windows 10,https://twitter.com/Games4Kickz,https://www.facebook.com/Games4Kickz/,https://plus.google.com/u/0/b/109112102818687856469/+Games4Kickz/posts,
https://www.youtube.com/user/SnazzyNikki/about,SnazzyNikki,My name is Nikki my main interest and expertise falls into the category of Reptiles with years keeping a large range of reptiles I also help out / work at a professional reptile store my main job was to assist any beginner keepers cleaning and feeding the animals. The shop constantly has over 300 snakes and other reptiles. Part of my experiences involve in neglected and abandoned small exotics rehabilitation any abused flawed reptiles and small exotics had been taken in cured and tamed and resold into good homes. All my animals have been exposed to the best of quality fed very regularly tamed with loving attention constant and common health checks all healthy and fat.would like to reassure you all that I will only expose myself deeply into situations I believe that I know clearly and have had hands on experiences on before hand.   Please feel free to inbox me for any further questions any specific questions you wish to be answered.  Thank you for all your kind attentions!,https://www.facebook.com/snazzynikkipets,https://plus.google.com/100289111603079919454,
https://www.youtube.com/user/KitKat4Cool/about,bombastic!,
https://www.youtube.com/user/SevenSuperGirls/about,SevenSuperGirls,SevenSuperGirls is the largest all-girl (under 18's) Partner collaboration on YouTube!  So just who are these girls?  MONDAY: Nicole | USA  TUESDAY: JthreeProductions Jazzy | USA  WEDNESDAY:Mpatient13 Kaelyn | USA  THURSDAY:  CupcakeCutie170 Jenna | USA  FRIDAY: katherineshow1 &  Really Rad Rachael Katherine & Rachael | USA  SATURDAY:  Mimi Mimi | USA  SUNDAY: Ellie the Unicorn Ellie | UK  - - - FAQ  Q) Do you have Instagram? A) Yes it's SevenSuperGirlsFans - - -  Please note: This is a parentally controlled and moderated channel. The parents are responsible for all uploads and all content is vetted by them. Inappropriate behaviour will not be tolerated. - - - © 2008-2017 SevenSuperGirls.Com,http://www.facebook.com/SevenSuperGirls,http://instagram.com/sevensupergirlsfans,https://plus.google.com/116645884143929523045,
https://www.youtube.com/user/gabymsowa/about,gabymsowa,https://plus.google.com/109113091379912272455,
https://www.youtube.com/user/juanmrt/about,juanmrt,https://plus.google.com/112222171715505880032,
https://www.youtube.com/user/BakerStAdv/about,Baker Street Advertising,We create advertising and marketing communication that takes its clues from consumer behavior. Sounds elementary at first look but there's more to the story. Baker Street Advertising is named after Sherlock Holmes' London office address and the famous literary character also symbolizes our passion for discovering insights that the ordinary eye overlooks. We delight in dramatically revealing the "proof" that our work will motivate consumers all while being shot at by unsavory rivals as we leap from rooftop to rooftop in death defying chase sequences.,http://www.bakerstadvertising.com,https://plus.google.com/118279945699517222799,
https://www.youtube.com/user/jacksepticeye/about,jacksepticeye,Top of the mornin’ to ya laddies! Welcome to my channel my name is jacksepticeye.  I am the most consistently energetic videogame commentator on youtube.  If you like daily videos on videogames for example happy wheels undertale gta and more you have come to the right place!  PC Specs: GTX Titan X Intel i7-4770K 16GB RAM  Software used: Fraps/Bandicam to record Sony Vegas Pro 12 to edit,http://jacksepticeye.fanfiber.com/,https://twitter.com/Jack_Septic_Eye,https://www.facebook.com/officialjacksepticeye,http://instagram.com/jacksepticeye,http://therealjacksepticeye.tumblr.com/,https://plus.google.com/100511955649419832552,
https://www.youtube.com/user/cambridgeenglishtv/about,Cambridge English,Welcome to the official YouTube channel of Cambridge English Language Assessment.  We offer the world's most valuable range of qualifications for learners and teachers of English. Over 5 million people take our exams each year in more than 130 countries.  Over 20000 universities employers government ministries and other organisations around the world recognise Cambridge English qualifications as proof of English language ability.  All our videos are available to share through social media and for embedding. This can be accessed in YouTube by opening a specific video then click on the 'Share' tab.  Cambridge English Language Assessment (formerly University of Cambridge ESOL Examinations) is a not-for-profit department of the University of Cambridge and part of the Cambridge Assessment Group.,http://www.cambridgeenglish.org,http://www.facebook.com/CambridgeEnglish,https://twitter.com/CamEngHelpers,https://twitter.com/CambridgeEng,https://plus.google.com/101738960379737504463,
https://www.youtube.com/user/evilgrrrrl/about,evilgrrrrl,https://plus.google.com/115790859552012447230,
https://www.youtube.com/user/fatawesomefilms/about,fatawesome,Boston-based Sketch Comedy.  Lots of dick jokes some non-dick jokes.  Here you'll find things about video games superheros pop culture pranks and dicks.,http://www.fatawesome.com/comics,http://www.facebook.com/Fatawesome,http://twitter.com/fatawesome,http://www.fatawesome.com,https://plus.google.com/111347433950336911207,
https://www.youtube.com/user/PetShopBoysVEVO/about,PetShopBoys,http://www.vevo.com/watch/pet-shop-boys,http://www.facebook.com/petshopboys,http://www.twitter.com/petshopboys,http://www.petshopboys.co.uk,https://plus.google.com/117889052168255239522,
https://www.youtube.com/user/WorldCinemaNews/about,FilmIsNow Movie Trailers International,Welcome to FILMISNOW Trailers International Channel your first stop for the latest new cinematic trailers clips TV spots and other extras from around the world including original language dubbed and subtitled releases. Subscribe to our network which is one of YouTube's TOP 30 film & animation channels worldwide with over 60 million monthly views through our Seven channels.  Todos os últimos lançamentos de filmes incluindo trailer clipe comercial de tv e muitos outros vídeos de filmes do mundo todo.  予告編、切り抜き、テレビのスポット広告、全世界のフィルムに関するエキストラビデオなどを含む、全ての最新映画が公開されます。  모든 최신 영화의 예고편(트레일러)클립TV 스팟과 세계각국에서 영화와 관련된 다른 기타 추가 비디오를 포함한 영화 자료.  近期上映的所有电影及其所包括的预告，剪辑，广告以及附带影片均为中文版本.  Contact us for any partnership enquiries content submission or other requests at filmisnowpromo@gmail.com Contact us for any copyright issues at copyrightfilmisnow@gmail.com,http://www.youtube.com/user/filmisnow,https://play.google.com/store/apps/details?id=com.filmisnow.app,https://itunes.apple.com/us/app/filmisnow/id932439474,http://www.youtube.com/user/filmisnowEU,http://www.youtube.com/user/filmisnowEXTRA,http://www.youtube.com/user/filmisnowHD,http://www.youtube.com/user/filmisnow2,http://www.youtube.com/user/sneakpeakandfake,http://www.filmisnow.com,https://www.facebook.com/pages/FILM-is-NOW/63415488435,https://plus.google.com/112826375087833810720,
https://www.youtube.com/user/AnimalRescueVideos/about,International Animal Rescue IAR,At International Animal Rescue we do exactly what our name says - we save animals from suffering around the world. We cut free dancing bears in India rescue primates from animal smugglers in Indonesia and treat stray dogs and cats around the world. And so much more... Whenever we can we release rescued animals back into the wild. And when that's not possible we give them a safe haven for life.,http://www.internationalanimalrescue.org,https://plus.google.com/104480807324678226457,
https://www.youtube.com/user/thedogworldtv/about,thedogworldtv,dogworld.tv films at championship dog shows and special events around the UK to produce programmes which are broadcast on Horse & Country TV (Sky channel 280). Full group coverage is available at www.dogworld.tv,http://www.dogworld.tv/,https://plus.google.com/103319711220353611850,
https://www.youtube.com/user/ALDONINO2/about,A-MUSIC,AMIGAS Y AMIGOS LES COMUNICO QUE ESTE CANAL ESTA A PUNTO DE CERRAR YA QUE GOOGLE ME A ADVERTIDO DE QUE SI LLEGABA A TENER ALGUNA DENUNCIA MAS DE COPYRIRGHT ME LO CERRABA DE MANERA QUE LES RECOMIENDO  QUE SI DESEAN DESCARGAR ALGÚN VIDEO QUE UTILIZEN EL PROGRAMA aTube Catcher  con el que podrán descargar el video en cualquier formato como tambien descargar la música unicamente Espero poder abrir un nuevo canal  lo cual les avisaré a la brevedad. Gracias. :),https://plus.google.com/103502629833562983486,
https://www.youtube.com/user/foodplot/about,foodplot,Denver is the Guiltiest Dog on the Planet!  What started as a video has now erupted into a worldwide brand "Guilty Dog" and she now has her own line of plush toys children's books and soon to be announced products.  You can visit her online store at http://www.guiltydogstore.com/collections/all and also visit her outrageously funny Facebook page at www.facebook.com/guiltydog,http://www.guiltydogstore.com/collections/all,https://www.facebook.com/guiltydog,http://www.cafepress.com/guiltygear,https://plus.google.com/117761511480254616647,
https://www.youtube.com/user/CinemaNirvana/about,Cinema Nirvana,Best of English movies of different genres. Complete entertainment zone with best animation and feature films. Ring of Death Ghatotkach little zizou Charlie English are a few of the amazing collections.,http://www.nirvanadigital.com,https://twitter.com/cinemanirvana,http://cinemanirvana1.blogspot.com,http://www.youtube.com/watch?v=1a-HNKzT1lw&list=PL_hyR7wZCrT_z2Z6rWl1mS7Vo1YJ5_zCn,http://www.youtube.com/watch?v=G-Mg0MbevZM&list=PL_hyR7wZCrT__s4xinIOLsTySHUws1TeH,http://www.youtube.com/watch?v=G-Mg0MbevZM&list=PL_hyR7wZCrT-jzuxN53PTYNNDKdrLMpBq,https://plus.google.com/102989470159384995010,
https://www.youtube.com/user/lifeinaday/about,Life in a Day,https://plus.google.com/102562727051931492629,
https://www.youtube.com/user/astighey/about,Astig Hey,https://plus.google.com/114330048255910030560,
https://www.youtube.com/user/CrystalFingerboards/about,CrystalFingerboards,The username is old from when I first started it. I've turned the channel into a Super Bowl commercial channel.  Enjoy :),
https://www.youtube.com/user/1234sock/about,1234sock,www.1234.com.au,http://www.1234.com.au,https://plus.google.com/106730755065486273007,
https://www.youtube.com/user/nathanpreece/about,nathanpreece,Hello! This is Nathan from Swansea Wales UK. For more information about me search for my name in Facebook.,https://plus.google.com/117805945469205361602,
https://www.youtube.com/user/Barrie2701/about,Barrie Buckner,https://plus.google.com/113077704947087649645,
