https://www.youtube.com/user/MrPeppe05/about,pepp peppineddu,
https://www.youtube.com/user/Rclbeauty101/about,Rclbeauty101,I make different types of videos ranging from DIYs life hacks comedy skits and anything I enjoy making I hope you enjoy it too!  For all business and branding opportunities please email:  info@lennonmgmt.com,http://instagram.com/rclbeauty101,https://twitter.com/#!/rclbeauty101/,https://plus.google.com/107296102112231566564,
https://www.youtube.com/user/ABCNews/about,ABC News,Make ABC News your daily news outlet for breaking national and world news broadcast video coverage and exclusive interviews that will help you stay up to date on the events shaping our world. ABC News‚Äô show roster has both leaders in daily evening and morning programming. Kick start your weekday mornings with news updates from Good Morning America (GMA) and Sundays with This Week with George Stephanopoulos. Get your evening fix with 20/20 Nightline and ABC World News Tonight with David Muir. Head to abc.go.com for programming schedule and more information on ABC News.,http://ABCNews.com,http://twitter.com/ABC,http://fb.me/ABCNews,https://www.instagram.com/abcnews/,http://fb.me/WorldNews,http://twitter.com/ABCWorldNews,http://fb.me/ABCWorldNewsNow,http://twitter.com/abcWNN,http://fb.me/ABCNewsNightline,http://twitter.com/Nightline,http://fb.me/GoodMorningAmerica,http://twitter.com/GMA,http://fb.me/ABC2020,http://twitter.com/abc2020,https://plus.google.com/108686021205441482363,
https://www.youtube.com/user/clipsandfootage/about,Clips & Footage,Clips and Footage is a friendly and independent supplier of high quality archive film. Our award-winning team work hard with clients to fulfil the most challenging of briefs until that perfect piece of footage is found.  All research is free and we can deliver material in all formats under pressing deadlines.  We have over a century of international social and political history music and entertainment war and conflict transport and aviation vintage TV ads and Americana along with one of the world's biggest collections of classic Hollywood feature film trailers production shorts and screen tests.   Just some of the unique elements of our collection include rare colour film of the Spanish Civil War colour home movies of the Royal Family and four separate collections showing lifestyles of the aristocracy from the 1920s to the 1950s including the famous Mountbatten Collection.    We are proud to represent both small independent film collectors of rarities alongside some of the most well-respected film collections in the world.   These include Lobster Films; a goldmine of fantastic  moving images in colour and black and white many of which have been beautifully restored.  As one of the highest quality collections of early cinema up until the 60s Lobster Films incorporates industry and fashion slapstick cartoons and adventure films.   We are also delighted to represent Historic Films with one of the most extensive music performance and entertainment film libraries in the world.  With amazing footage of American lifestyles and pop culture this vast collection includes newsreels  vintage ads educational / industrial films and thousands of hours of superb performance footage covering all genres from vaudeville to punk.    We also represent the high quality Travel Film Archive which contains archival travelogues along with educational and industrial films from around the globe. The films many of them in vibrant colour show the world the way it was between 1900 and 1970.,http://www.clipsandfootage.com,https://plus.google.com/109495886506517984235,
https://www.youtube.com/user/CrazyRussianHacker/about,CrazyRussianHacker,Fan Mail or if you want me review your product on my channels: Crazy Russian Hacker P.O. Box 49 Waynesville NC 28786,http://instagram.com/crazyrussianhacker,https://www.facebook.com/CrazyRussianHacker,https://plus.google.com/105651555129203736099,
https://www.youtube.com/user/VineCrave/about,The Future Is Now,The Future Is Now showcases new inventions from the worlds most innovative minds. Keep up to date with the latest gadgets and technological advancements of moderns times.  For centuries our ancestors could only dream of what the future might hold. Ladies and gentlemen the future is now.,https://plus.google.com/110548257647119865441,
https://www.youtube.com/user/EnzoShelby67/about,Freeze Lists,TECHNOLOGY  |  INVENTIONS  |  INNOVATIONS  |  MIND-BLOWING CREATIONS  FREEZE HD IS NOW FREEZE LISTS  !!!! We are excited to announce our new name FREEZE LISTS! For 2 and a half years we have brought you the latest in innovation and technology. Initially focusing on crowdfunded innovations we have grown into more than that.  YOU have been with us from our early days and walked with us as we adopted the exciting and free flowing ‚ÄúList‚Äù format of videos.  Now we have renewed zeal to bring you even more content covering a wider variety of topics in the fields of technology and innovation among others! And our new name Freeze Lists allows us to fully focus on that. Thank YOU for the journey we have had so far! Together let's get entertained let's get educated and let‚Äôs learn new things we never knew existed! NOTE: You can now watch Freeze Lists in Spanish and German in our new channels Freeze Lists ESPA√ëOL [https://goo.gl/bM38rd] and Freeze Lists DE [https://goo.gl/IKd6xM]. Enjoy!,https://www.youtube.com/channel/UC2d9B6xq08kts8LNaYMx_fw,https://www.facebook.com/Freeze-HD-347866325338115/,https://goo.gl/IKd6xM,https://plus.google.com/105571961129245303109,
https://www.youtube.com/user/STAtopreviews/about,STA Videos,https://plus.google.com/103585382070178657880,
https://www.youtube.com/user/TeeTwyford/about,Tee Twyford,https://plus.google.com/100645360137982367790,
https://www.youtube.com/user/PlusBelleLaVie2014/about,Viralific,https://plus.google.com/103380205250155408116,
https://www.youtube.com/user/kimkomandoshow/about,The Kim Komando Show,The official YouTube channel of the Kim Komando Show. http://www.komando.com  Stay tuned for more videos and fun. We have new videos for you every week.,http://www.komando.com,http://www.facebook.com/kimkomando,http://twitter.com/kimkomando,https://plus.google.com/107387881036217129794,
https://www.youtube.com/user/CBSNewsOnline/about,CBS News,Welcome to the OFFICIAL CBS News YouTube Channel!,http://cbsnews.com,https://www.facebook.com/CBSNews,https://twitter.com/cbsnews,http://instagram.com/cbsnews#,http://cbs.com,http://cbssports.com,http://cnet.com,https://plus.google.com/117831279655356042125,
https://www.youtube.com/user/soch101/about,soch101,
https://www.youtube.com/user/TheBrandDetective/about,TheBrandDetective,Nikki Dean is the Brand Detective - on a mission to investigate gadgets gizmos Brands Bargains and new products -- Providing no nonsense Gadget and Tech Reviews Money Saving tips Retail and Tech news and funny business :)  Featuring fellow gadget spies including the lovely Kell Allen.,http://www.thebranddetective.com,https://plus.google.com/103600684414309393728,
https://www.youtube.com/user/stylisheve20100/about,Washweshny W,https://plus.google.com/116638831455130083136,
https://www.youtube.com/user/ExpressoPartners/about,ExpressoPartners,Weekdays from 6am to 8.30am Expresso broadcasts LIVE from a penthouse apartment in Sea Point which has panoramic views of Table Mountain and the ocean. This context allows the cameras and presenters to move fluidly from place to place avoiding the typical studio format ensuring energetic performances and optimum attention. Our presenters Katlego Maboe Ewan Strydom Graeme Richards and Leigh-Anne Williams steer the show through a myriad of fun informative and interactive segments. Expresso showcases lifestyle entertainment includes kids' entertainment and green awareness on-trend fashion and beauty advice comedy interviews with celebrities live gigs from SA's top bands and the latest from the worlds of blogging gaming and gadgets.,http://expressoshow.com,https://plus.google.com/103133148031068068503,
https://www.youtube.com/user/twit/about,TWiT Netcast Network,TWiT.tv provides news commentary help & how-to reviews and perspective on the latest trends in digital tech. Join Leo Laporte Mike Elgan Megan Morrone and Father Robert Ballecer along with other seasoned experts and journalists for over 20 shows focused on different areas of technology.,http://twit.tv/,http://facebook.com/TWiTNetwork,http://twitter.com/TWiT,https://itunes.apple.com/us/artist/twit-tv/id146041210,http://twit.tv/live,https://plus.google.com/114952719682558390543,
https://www.youtube.com/user/DealExtremeDV/about,DealeXtreme DV,Here have all the official product videos from DealExtreme.com. Update constantly!,http://www.youtube.com/dealextremetube,https://www.facebook.com/DealExtremeFans,https://twitter.com/DealExtremeFans,https://plus.google.com/u/0/100544580277880772297/posts,http://instagram.com/dealextremefans,http://dx.com,https://plus.google.com/102994475004180534774,
https://www.youtube.com/user/ShowDieShowLeader/about,ShowDieShowLeader,https://plus.google.com/112057957917451795849,
https://www.youtube.com/user/UnboxParadise/about,Project Five,Hello and welcome to Project Five! I post videos showcasing 5 awesome products or inventions you may like. If technology inventions and gadgets interest you then this is where you belong! Be sure to subscribe and I'll see you around!,https://twitter.com/ProjectFiveYT,https://plus.google.com/105461364503348739045,
https://www.youtube.com/user/abbilock9/about,AwsomeIRONsquid345 Plays,HI ITS AWSOME IRON SQUID I DID YOITUBE FOR 2 YEARS NOW AND I HIT 23 SUBSCRIBERS PLZ GO CHECK OUT MY VIDEOS THERE ARE KID FREINEDLY AND PLZ SUBSCRIBE MY CHANNELüòÄüòÑ,
https://www.youtube.com/user/fhseon/about,Felix Hernandez,https://plus.google.com/115844224760313874797,
https://www.youtube.com/user/Rupesh799/about,Rupesh Lanjewar,
https://www.youtube.com/user/heutiepizza/about,Ken Heutie,
https://www.youtube.com/user/shane/about,shane,Send letters to:  3727 W. Magnolia Blvd #712  Burbank CA 91505  *Branding Media & General Business Inquiries:  ShaneDawsonTVBiz@gmail.com  *Film & Television Agent:  UTA,http://itgetsworsebook.com/,http://www.youtube.com/shanedawsontv,http://twitter.com/#!/shanedawson,http://instagram.com/shanedawson,http://www.facebook.com/shanedawsonfans,
https://www.youtube.com/user/zeketoc/about,Zeke Camusio,Do you want to discover the hottest Internet Marketing Tips? Then you are in the right place. Please feel free to ask your questions and I will make sure to answer them.,http://www.TheOutsourcingCompany.com,https://plus.google.com/104987787494574270423,
https://www.youtube.com/user/petgadgets/about,Pet Gadgets: Unique Pet Products High Tech Pet Products Innovative Pet Products Pet Supplies Pet Gadgets,http://www.petgadgets.com/,
https://www.youtube.com/user/RonsAmazingProducts/about,RonsAmazingProducts,We love Electronics and the amazing products made with it! Searching for new and amazing electronic products is Ron's Amazing Products passion.  We understand how important electronic gadgets are in today's society.  We are a group of individuals who are constantly on the lookout for the next big thing in terms of technology.   We use the products we manufacture and bring them to market for our many friends like you. Join in the fun!  For more information visit our website http://www.ronsamazingproducts.com,http://www.facebook.com/ronsamazingproducts,http://twitter.com/ronsamazing,https://www.pinterest.com/ronsamazing/,https://plus.google.com/109472387420987958370,
https://www.youtube.com/user/mdnvr/about,mdnvr,https://plus.google.com/105951135314399498309,
https://www.youtube.com/user/wbal/about,WBAL-TV 11 Baltimore,WBALtv.com is your top source for Baltimore breaking news weather and daily local news coverage.  Look to WBAL-TV 11 for political coverage viral videos and more from Baltimore Maryland's NBC affiliate.,http://www.wbaltv.com/news/index.html,http://www.facebook.com/wbaltv11,http://twitter.com/wbaltv11,http://www.wbaltv.com/sports/index.html,http://www.wbaltv.com/weather/index.html,https://plus.google.com/108640132581300986459,
https://www.youtube.com/user/petopiashow/about,Petopia,Everyone wants to pamper their pet but there are so many products out there that it's impossible to try them all without wasting time and money. Fear not!  Join us on Petopia as Sarah Lane tests out the most interesting and exciting pet products on the market to help pet owners decide what to purchase for their beloved pet. We test the latest pet products...so Fluffy and Fido don't have to be the guinea pigs!  New episodes posted every Thursday  Subscribe here: http://youtube.com/subscription_center?add_user=petopiashow  Watch more Petopia on Animalist at: http://animalist.com/petopia  Follow Petopia on Twitter http://twitter.com/petopiashow  Like Petopia on Facebook https://www.facebook.com/pages/Petopia/584833308239691?ref=hl  Add Petopia on Google+ https://gplus.to/petopia,http://animalist.com/petopia,https://www.facebook.com/pages/Petopia/584833308239691?ref=hl,https://twitter.com/petopiashow,https://www.facebook.com/pages/Petopia/584833308239691,http://twitter.com/petopiashow,https://gplus.to/petopia,https://plus.google.com/100761867083193764125,
https://www.youtube.com/user/TheListShowTV/about,The List Show TV,THE LIST is your go-to destination for the hottest in life hacks pop culture trends deals gadgets and DIY projects that simplify your life.  A national Emmy-award winning show THE LIST delivers everything you need to know about what's trending in the form of a fun list.  If it‚Äôs happening it‚Äôs on THE LIST.  Watch The List on TV: http://www.thelisttv.com/watch  And Online Anytime: http://www.thelisttv.com/,http://www.thelisttv.com/,https://www.facebook.com/thelistshowtv,https://plus.google.com/114407621923085855274,
https://www.youtube.com/user/gadgetsformothers/about,Maria Angeles-Pagkalinawan,http://www.gadgetsformothers.com,https://twitter.com/mariaMariaMaMa,https://www.facebook.com/Gadgetsformothers,http://www.tumblr.com/blog/gadgetsformothers,http://www.pinterest.com/gadgets4mothers/,https://plus.google.com/101877527695429197828,
https://www.youtube.com/user/aquavistainc/about,aquavistainc,
https://www.youtube.com/user/mindseyedesign/about,Minds Eye Design,Inventions Technology Gadgets Innovation Design and much much more!  ‚ñ∫New Videos Weekly! SUBSCRIBE TODAY!‚óÑ   ‚ñ∫OUR WEBSITES & SOCIAL MEDIA‚óÑ  http://www.mindseyedesignmedia.com,http://www.mindseyedesignmedia.com,https://www.facebook.com/mindseyedesignmedia,https://twitter.com/MindsEyeVideo,https://www.tumblr.com/blog/mindseyedesign,https://www.pinterest.com/MindsEyeVideo/,https://plus.google.com/108061842416862748264,
https://www.youtube.com/user/roguekite/about,Rogue Kite Productions,Rogue Kite Productions is a collaboration between director/writer Michelle Boley cinematographer/editor Taylor Gill and friends.  www.funnyordie.com/roguekite www.roguekite.com   View our videos on other channels: Maroon 5 - (Stuffed) Animals Parody:   http://youtu.be/XhdPEZIrd78 "Don't Vote" - A Message from the Republican Party:   http://youtu.be/KdGXD9me8no,https://plus.google.com/111968945996538337280,
https://www.youtube.com/user/SlappedHamTV/about,Slapped Ham,Welcome to our top 10 video channel! Top 10 videos lists and facts about everything. NEW LIST VIDEOS EVERY MONDAY AND THURSDAY!  Here's what you'll find on our channel: Top 10 videos lists facts listicles and countdowns.  On our channel you'll see top 10 videos about real photos ghost photos creepy backstories facts animals video games movies and food.  We release new videos each and every week so remember to SUBSCRIBE and enjoy our content!,http://slappedham.com/,https://www.twitter.com/SlappedHam,https://www.facebook.com/SlappedHam,https://instagram.com/slappedham/,https://shop.spreadshirt.com/SlappedHam,https://plus.google.com/109047761087253861862,
https://www.youtube.com/user/hsntv/about,HSNtv,http://www.hsn.com/todays-special,http://hsn.com,http://youtube.com/hsn,https://plus.google.com/107649378010589717439,
https://www.youtube.com/user/rhettandlink2/about,Good Mythical Morning,We are Rhett & Link and this is our daily morning talk show Good Mythical Morning.   Watch our show after the show for more videos every weekday: http://youtube.com/goodmythicalmore  Love the Mythical Crew? Watch new videos from them everyday of the week at: http://youtube.com/thisismythical  Check out our main channel for funny music videos sketches and ridiculous local commercials: http://youtube.com/rhettandlink  Our website has music merch and more: http://www.RhettandLink.com  Snail Mail:  PO Box 6578  Burbank CA 91510,http://youtube.com/rhettandlink4,http://twitter.com/rhettandlink,http://facebook.com/rhettandlink,http://instagram.com/rhettandlink,http://rhettandlink.tumblr.com/,http://rhettandlink.com,https://plus.google.com/113825681504586191360,
https://www.youtube.com/user/errolprowse/about,Will Prowse,Out of desperation due to health problems I moved into a rebuilt van when 19. Have been on the streets for 7 years learning how to live efficiently on the streets of california. I have had 13 different vehicles 2 RV's and a Van. This channel is made to help people who are new to vehicle living.   Topics of this channel: DIY solar vehicle dwellings electric unicycles free food traveling gadgets cameras and so much more!  Check out my website: http://www.vehicledwelling.com,http://www.vehicledwelling.com,https://www.amazon.com/dp/B016P7SDZ0,https://www.instagram.com/williamprowse/?hl=en,https://plus.google.com/112438600692757452954,
https://www.youtube.com/user/latestgadgetsuk/about,Latest Gadgets UK,Featuring gadget reviews and technology news. We feature films shot at CES IFA Gadget Show Live as well as unboxing and product demos.,http://www.latestgadgets.co.uk,http://www.facebook.com/latestgadgetsuk,http://www.twitter.com/latestgadgetsuk,http://www.pinterest.com/latestgadgets,https://plus.google.com/105736137564376353254,
https://www.youtube.com/user/CooperKing11/about,Cooper & Danielle,A dog & lifestyle related channel with my yellow lab Cooper! Follow him on Instagram! @Cooperking1  Also make sure to check out barkbox.com and use the code COOPERKING for $10 coupon with pawchase!,http://www.instagram.com/Cooperking1,http://www.twitter.com/Cooperking11,https://www.facebook.com/DanielleandCooper/?ref=bookmarks,https://plus.google.com/100504789896298633154,
https://www.youtube.com/user/AthenaFlemingTV/about,Athena Fleming,Thanks for visiting my channel! I'm Athena a beauty queen aspiring tv host and model. This is where I share my favorite things and what's going on in my life. Thanks for joining me!,https://twitter.com/athenafleming,http://instagram.com/athenafleming,https://plus.google.com/105371883785019633542,
https://www.youtube.com/user/rflower61/about,rflower61,https://plus.google.com/113758423727827310731,
https://www.youtube.com/user/sineklinge/about,Sine Camilla Klinge,https://plus.google.com/109762780215847691812,
https://www.youtube.com/user/deb3001/about,deb underhill,https://plus.google.com/100448033875520318918,
https://www.youtube.com/user/WhitegatePR/about,Dana Humphrey,http://www.whiteagatepr.com,https://plus.google.com/100706231420675418760,
https://www.youtube.com/user/MrCccom/about,MrCccom,Canal de apresenta√ß√£o de produtos da FlyBrazilShop.,https://plus.google.com/113349237262912181946,
https://www.youtube.com/user/ATrulyAwesomeChannel/about,feliisvulpes,Some lame kid who tries to animate. Nothin' much to see here :^) (And yes; I deleted all my videos. Sorry about that. Hopefully I'll upload more things soon though :o ),http://redlyawesome.deviantart.com/,https://plus.google.com/114167206510329536893,
https://www.youtube.com/user/DeadSexyMiniskirt/about,I'll barf on your lungs!,
https://www.youtube.com/user/shyman187/about,Jermaine Murray,https://plus.google.com/108949568456390422441,
https://www.youtube.com/user/MinecraftMasters25/about,MinecraftMasters25,
https://www.youtube.com/user/zamilsezan/about,Zamil Hossain Sezan,This Is My Personal Work Channel,http://www.vfxhunter.com,https://www.facebook.com/groups/VFXHUNTER/,https://plus.google.com/111544102216659020439,
https://www.youtube.com/user/cjkj2009/about,Claudia P. Landa,Welcome to my channel no hate  are allowed with a block you and you never come back and thank you very much,https://plus.google.com/102623199480452787066,
https://www.youtube.com/user/Piperriley1/about,Robert frogge,https://plus.google.com/101588834870938953610,
https://www.youtube.com/user/featherstar456/about,Taylor Caldwell,https://plus.google.com/109769895551393445793,
https://www.youtube.com/user/WaterFlame957/about,WaterFlame957,https://plus.google.com/103810490771783665880,
https://www.youtube.com/user/SizzleNC/about,Michael Gray,https://plus.google.com/100251020548613497540,
https://www.youtube.com/user/karajohn76/about,karajohn76,https://plus.google.com/101537835495727085296,
https://www.youtube.com/user/AllanHandelman/about,Allan Handelman,This is the place for recent podcasts of my radio show and vintage video and audio from the Allan Handelman Show archives.   Please join me on my website wwww.ifitrocks.com. Facebook: https://www.facebook.com/allanhandelman Twitter: https://twitter.com/#!/IFItRocks Facebook Overflow: https://www.facebook.com/pages/The-Allan-Handelman-Show-Rock-Talk/124181733870,http://www.twitter.com/#!/ifitrocks,http://www.facebook.com/profile.php?id=1304034750,https://plus.google.com/105601828189251435476,
https://www.youtube.com/user/mrdo333/about,mrdo333,
https://www.youtube.com/user/valvieja/about,Oliver Valvieja,http://www.biospring.com.ph,https://plus.google.com/109628074200427866920,
https://www.youtube.com/user/susanrader/about,Brightheart girl 2006,https://plus.google.com/101259144299472267293,
https://www.youtube.com/user/endra55555/about,Jennifer Boucher Jimenez,https://plus.google.com/100612092360445094718,
https://www.youtube.com/user/BenjaminNelson/about,BenjaminNelson,Electric car and motorcycle conversion videos. Alternative Energy and homebrew DIY can-do videos! http://300mpg.org/,http://300mpg.org,https://plus.google.com/102905437348093126912,
https://www.youtube.com/user/JRESHOW/about,JRESHOW,Hands on with Tech Gear and Gadgets.,https://plus.google.com/117732265837003503879,
https://www.youtube.com/user/vollodin/about,Vollodin Vollodin,–ù–∞ —ç—Ç–æ–º –∫–∞–Ω–∞–ª–µ –í—ã –≤—Å–µ–≥–¥–∞ —Å–º–æ–∂–µ—Ç–µ –Ω–∞–π—Ç–∏ —Å–∞–º—É—é —Å–≤–µ–∂—É—é–ø–æ–ª–µ–∑–Ω—É—é –∏ –ø—Ä–∞–∫—Ç–∏—á–µ—Å–∫—É—é –∏–Ω—Ñ–æ—Ä–º–∞—Ü–∏—é –ø–æ —Å–∞–º—ã–º —Ä–∞–∑–Ω—ã–º —Ç–µ–º–∞–º:–ò–∑—É—á–µ–Ω–∏–µ –∏–Ω–æ—Å—Ç—Ä–∞–Ω–Ω—ã—Ö —è–∑—ã–∫–æ–≤–Ω–æ–≤–æ—Å—Ç–∏ –≤ –º–∏—Ä–µ –∫–∏–Ω–æ–º—É–∑—ã–∫–∏–∫–æ–º–ø—å—é—Ç–µ—Ä–Ω—ã–µ –∏–≥—Ä—ã–Ω–æ–≤–æ—Å—Ç–∏ —Ç–µ—Ö–Ω–∏–∫–∏–Ω–∞—É–∫–∏–º–µ–¥–∏—Ü–∏–Ω—ãIT-–¢–µ—Ö–Ω–æ–ª–æ–≥–∏–∏ –∏ —Ç.–¥.,https://plus.google.com/117611610080421128961,
https://www.youtube.com/user/TheDiamondMinecart/about,DanTDM,Daily gaming videos with DanTDM :)  BUSINESS ONLY :: tdmbusiness@live.co.uk,http://bit.ly/TxtGm8,http://www.facebook.com/TheDiamondMinecart,http://www.twitter.com/dantdm,http://www.instagram.com/dantdm,https://plus.google.com/111822903685791223342,
