https://www.youtube.com/user/EnzoShelby67/about,Freeze Lists,TECHNOLOGY  |  INVENTIONS  |  INNOVATIONS  |  MIND-BLOWING CREATIONS  FREEZE HD IS NOW FREEZE LISTS  !!!! We are excited to announce our new name FREEZE LISTS! For 2 and a half years we have brought you the latest in innovation and technology. Initially focusing on crowdfunded innovations we have grown into more than that.  YOU have been with us from our early days and walked with us as we adopted the exciting and free flowing “List” format of videos.  Now we have renewed zeal to bring you even more content covering a wider variety of topics in the fields of technology and innovation among others! And our new name Freeze Lists allows us to fully focus on that. Thank YOU for the journey we have had so far! Together let's get entertained let's get educated and let’s learn new things we never knew existed! NOTE: You can now watch Freeze Lists in Spanish and German in our new channels Freeze Lists ESPAÑOL [https://goo.gl/bM38rd] and Freeze Lists DE [https://goo.gl/IKd6xM]. Enjoy!,https://www.youtube.com/channel/UC2d9B6xq08kts8LNaYMx_fw,https://www.facebook.com/Freeze-HD-347866325338115/,https://goo.gl/IKd6xM,https://plus.google.com/105571961129245303109,
https://www.youtube.com/user/danielmenn1/about,Theodore Rogers,
https://www.youtube.com/user/19dragon98/about,Tech HD,Tech HD is a Youtube channel that showcase the latest: •Inventions •Innovations •New Tech •New Gadgets •Extreme Gadgets •Extreme Machines •Kickstarter Projects If this is your kind of thing SUBSCRIBE to get free update!!  Do You Want Your Product Featured On My CHANNEL? Email: gabriele.gritti.sm@gmail.com,https://www.youtube.com/channel/UCFvPvwa0SwuJ230VYRMA5BQ?sub_confirmation=1,https://plus.google.com/112633051929135051338,
https://www.youtube.com/user/stylisheve20100/about,Washweshny W,https://plus.google.com/116638831455130083136,
https://www.youtube.com/user/VineCrave/about,The Future Is Now,The Future Is Now showcases new inventions from the worlds most innovative minds. Keep up to date with the latest gadgets and technological advancements of moderns times.  For centuries our ancestors could only dream of what the future might hold. Ladies and gentlemen the future is now.,https://plus.google.com/110548257647119865441,
https://www.youtube.com/user/PlusBelleLaVie2014/about,Viralific,https://plus.google.com/103380205250155408116,
https://www.youtube.com/user/Rupesh799/about,Rupesh Lanjewar,
https://www.youtube.com/user/rhettandlink2/about,Good Mythical Morning,We are Rhett & Link and this is our daily morning talk show Good Mythical Morning.   Watch our show after the show for more videos every weekday: http://youtube.com/goodmythicalmore  Love the Mythical Crew? Watch new videos from them everyday of the week at: http://youtube.com/thisismythical  Check out our main channel for funny music videos sketches and ridiculous local commercials: http://youtube.com/rhettandlink  Our website has music merch and more: http://www.RhettandLink.com  Snail Mail:  PO Box 6578  Burbank CA 91510,http://youtube.com/rhettandlink4,http://twitter.com/rhettandlink,http://facebook.com/rhettandlink,http://instagram.com/rhettandlink,http://rhettandlink.tumblr.com/,http://rhettandlink.com,https://plus.google.com/113825681504586191360,
https://www.youtube.com/user/kimkomandoshow/about,The Kim Komando Show,The official YouTube channel of the Kim Komando Show. http://www.komando.com  Stay tuned for more videos and fun. We have new videos for you every week.,http://www.komando.com,http://www.facebook.com/kimkomando,http://twitter.com/kimkomando,https://plus.google.com/107387881036217129794,
https://www.youtube.com/user/heutiepizza/about,Ken Heutie,
https://www.youtube.com/user/weretherussos/about,We're the Russos,We ditched the 9-5 to work for ourselves and travel full time. Currently exploring the U.S. in a camper van.,https://weretherussos.com/,https://www.patreon.com/weretherussos,http://facebook.com/weretherussos,https://www.amazon.com/?tag=wtryt-20,https://plus.google.com/107961847709269743549,
https://www.youtube.com/user/CrazyRussianHacker/about,CrazyRussianHacker,Fan Mail or if you want me review your product on my channels: Crazy Russian Hacker P.O. Box 49 Waynesville NC 28786,http://instagram.com/crazyrussianhacker,https://www.facebook.com/CrazyRussianHacker,https://plus.google.com/105651555129203736099,
https://www.youtube.com/user/Rclbeauty101/about,Rclbeauty101,I make different types of videos ranging from DIYs life hacks comedy skits and anything I enjoy making I hope you enjoy it too!  For all business and branding opportunities please email:  info@lennonmgmt.com,http://instagram.com/rclbeauty101,https://twitter.com/#!/rclbeauty101/,https://plus.google.com/107296102112231566564,
https://www.youtube.com/user/RoiWassabiGames/about,Guava Juice 2,Welcome to the official Guava Juice 2nd Channel! I put extra random shenanigans in here that you can't find on the regular Guava Juice channel!  Subscribe and join the adventure! Stay Juicy!,http://www.twitter.com/guavaroi,http://www.instagram.com/guavaroi,http://www.facebook.com/guavaroi,https://plus.google.com/105326512064626473443,
https://www.youtube.com/user/origami768/about,Taras Kul,Fan Mail or if you want me review your product on my channels: Crazy Russian Hacker P.O. Box 49 Waynesville NC 28786   Simple Science and a lot more!,https://www.youtube.com/user/CrazyRussianHacker,https://www.instagram.com/crazyrussianhacker/,https://www.facebook.com/CrazyRussianHacker?ref=hl,https://plus.google.com/106350134417601183699,
https://www.youtube.com/user/BIBEKBASU1/about,Qubimaxima,Qubimaxima is a YouTube channel based on Technology and Gaming. We provide you with latest tech and game releases and keep you up to date with the evolving society. We release a new video EVERYDAY.  Qubimaxima constantly uploads videos on ►  ★ Latest technology                                                   ★ New Inventions ★ Popular inventions                                                  ★ Security Devices ★ Must have gadgets                                                 ★ Smartphone Gadgets ★ Tech for gamers                                                      ★ Amazing Products & much more And also you can share your video ideas with us and we'll give you credit for that. Then why not subscribe? Be a part of the ever evolving society with us.,https://goo.gl/iA3YDs,https://www.facebook.com/Qubimaxima,https://twitter.com/qubimaximareal,http://qubimaxima.blogspot.in/,https://plus.google.com/117492859274531076416,
https://www.youtube.com/user/topviralreviews/about,ViralReviews,Discover the latest Technology and Invention. This channel showcases everything tech related from: •Innovations •Latest Tech •New Gadgets •Extreme Gadgets •Future Technology •Extreme Machines •Kickstarter Projects •Indiegogo Campaigns New videos added daily. SUBSCRIBE NOW and be the first to know.,https://www.youtube.com/channel/UCHVQGR-KzY_b67F_Lvbr7CQ?sub_confirmation=1,https://twitter.com/viralreviews3,https://www.facebook.com/viralreviewsofficial/,https://plus.google.com/108671711320254463153,
https://www.youtube.com/user/InfinityInfoSol/about,Infinity InfoSolutions,https://plus.google.com/109460498433395611983,
https://www.youtube.com/user/Newmobilesource/about,TechFox,TechFox is the best YouTube channel to watch various technology videos.    Email: techfox@hostlinx.com Youtube: Youtube.com/techfox Twitter: https://twitter.com/techfoxonline  ©Copyrights: If you have any questions or concerns about copyright issues please direct it to our email.  Thank You TechFox,https://twitter.com/TechFoxOnline,https://www.youtube.com/techfox,https://www.facebook.com/knowitonline,https://plus.google.com/105457759201511005809,
https://www.youtube.com/user/MrPrasannathapa/about,Techno Lab,Techno lab is the perfect place for science and  technology    lovers. We  are  working  hard   to  present you all about the latest  technology news  modern  science  stuffs  and  awesome  gadgets  present on this  fast-growing   tech  world.We  can share  our tech  knowledge &  futuristic technology approaches  here.  If   you   guys   have  some information to  cover   on this   YouTube   Channel please  send  us a message.  We  are   more    than   happy  to   work   together    for   the  betterment  of  this  channel. Please subscribe our channel & like  our videos.  We will  post  a   daily video   about  the technology   and awesome  gadgets.  Thank  you so  much  for  visiting your channel.If  you have   any  query and  information   please   send   us   email. Email: itechnolabmail@gmail.com,https://www.facebook.com/technolab.news/,https://twitter.com/A1fashioncol,https://instagram.com/_u/etechnolab?r=sun1,https://plus.google.com/b/106314546371472671539/,
https://www.youtube.com/user/AhernJoey/about,Joey Ahern,Hai! I'm Joey Ahern. I make dog related comedy videos! If you own a dog or are looking to buy one i'm sure you can relate to my vlogs! I don't always make dog related videos so stay tuned for more!,https://www.patreon.com/user?u=3525532,http://instagram.com/joeyahern,http://twitter.com/joeyahern,https://www.facebook.com/Joey-Ahern-428436977308474/,https://www.youtube.com/channel/UCJsaPMqdItmbnovAS4A6Ibw,http://joeyandsteel.spreadshirt.com/,https://plus.google.com/109364637755528021538,
https://www.youtube.com/user/TechSmartt/about,TechSmartt,Hey what’s good I’m Keaton! Come check out the rest of my channel! I post videos Mon/Wed/Fri/Sun at 3PM PST….and sometimes BONUS VIDEOS!! On here you’ll get LOTS of fun videos on the new iPhone 7 banned mobile apps weird tech tech hacks and so much more! I also do CRAZY challenges that you guys tell me to do! Subscribe so you don’t miss it!  SEND ME STUFF!  Keaton Keller 4804 Laurel Cyn Blvd #202 Valley Village CA 91607 USA,http://snapcht.com/add/keaton,http://instagram.com/techsmartt,http://twitter.com/techsmartt,http://facebook.com/techsmarttyt,http://techsmartt.com,https://plus.google.com/113798470381959853049,
https://www.youtube.com/user/UrAvgConsumer/about,UrAvgConsumer,Just your average guy who loves tech and giving his opinions on it.  For business inquires please email UrAvgConsumer@gmail.com and team@uacreviews.com.   DO NOT ACCEPT EMAILS FROM uravgconsumerreviews@gmail.com OR ANY OTHER EMAILS NOT LISTED ABOVE.,http://www.instagram.com/uravgconsumer,http://www.amazon.com/lm/R2GEKRCCEB91YD/ref=cm_pdp_lm_title_1,https://www.facebook.com/UrAvgConsumer,https://www.twitter.com/UrAvgConsumer,https://plus.google.com/111852673417077695418,
https://www.youtube.com/user/EightSixer/about,EightSixer,EightSixer is a Youtube channel that showcases the latest Gadget Inventions Innovations New Tech And much more.  If this is your kind of thing subscribe to get a free update.  Think big and keep all your dreams alive !!!,http://www.eightsixer.com/?utm_source=youtube.com&utm_medium=like&utm_campaign=about,https://www.facebook.com/EightSixer/,https://plus.google.com/105716229092836065513,
https://www.youtube.com/user/EzTech231/about,Zachary Anderson,Just a normal guy who loves tech!,http://bit.ly/1ZotTHK,http://bit.ly/1U52Txs,http://bit.ly/22tR7Bu,https://plus.google.com/116415616445224950592,
https://www.youtube.com/user/JimsReviewRoom/about,JimsReviewRoom,Reviewing consumer electronics - helping you make a purchase decision.    www.jimsreviewroom.com  ►KEEP IN TOUCH◄ Facebook: http://facebook.com/JimsReviewRoom Instagram : http://instagram.com/JimsReviewRoom Twitter: http://twitter.com/JimsReviewRoom  ►BUSINESS INQUIRES◄ If you receive an email that is NOT from the email listed here it is a FRAUD.  Please notify me right away of that matter.,http://www.jimsreviewroom.com,http://www.twitter.com/JimsReviewRoom,http://www.instagram.com/JimsReviewRoom,http://www.facebook.com/JimsReviewRoom,http://amzn.to/1TIjpAp,https://plus.google.com/106895127837341937278,
https://www.youtube.com/user/WatchMojo/about,WatchMojo.com,Top 10 lists on Music TV Film and Video Games. We publish 4 or more Top 10s daily. Subscribe for new top 10 lists every day and binge watch on Top 10s covering Pop Culture Celebrity Movies Music TV Film Video Games Politics News Comics and Superheroes. WatchMojo’s back catalogue has ten thousand videos on Top 10 lists Origins Biographies Tips How To’s Reviews Commentary and more  Your trusted authority on ranking Pop Culture.   Subscribe Now http://goo.gl/Q2kKrD - Ranking Pop Culture Since 2006!,https://www.facebook.com/watchmojo,https://www.twitter.com/watchmojo,https://www.instagram.com/watchmojo,https://www.snapchat.com/add/watchmojo,
https://www.youtube.com/user/phonedog/about,PhoneDog,PhoneDog is a highly interactive cell phone and mobile news and reviews resource that attracts a community of more than 2.5 million unique visitors each month. The site may have a ‘cute’ name but it offers up serious editorial content and video reviews of cell phones tablets mobile phones smartphones accessories and other electronics that users rely on to make important decisions about their next mobile purchases. There is no better channel on YouTube for cell phone reviews cell phone unboxings and complete coverage of other technology devices such as wearables mobile phones and more.  PhoneDog reviews the latest products and services across all carriers and platforms giving users the resources needed to research compare prices and shop from those providers that fit their needs. Site editors are highly engaged frequently replying to comments and forum threads and elevating the conversation to the next level.  Head over to http://www.PhoneDog.com for more information.,http://www.phonedog.com,http://www.facebook.com/phonedog,http://www.twitter.com/phonedog,http://www.instagram.com/phonedog,https://plus.google.com/111388474868733428500,
https://www.youtube.com/user/zeo221/about,NPL Productions,I am a tech enthusiast that also has a passion for Gaming Then I discovered YouTube.   Best way to contact me - My E-mail nickl@nplproduction.com  Thanks for 100000+ Subscribers! & 25000000+ Video Views!  I hope you enjoy your stay on my channel!,https://twitter.com/#!/zeo221,http://instagram.com/zeo221/,https://plus.google.com/104198216215399210316,
https://www.youtube.com/user/IQtests/about,IQ Tests | Personality Tests | Funny Test Videos,SUBSCRIBE: I'm interested in doing more than 1000 tests! IQ Test Personality Test Love Test Mind Tricks Just For Laughs Funny Test Just For Fun Quizzes Sex Test Sexual Test Trivia Knowledge Test Brain Games Cool Games Mind Games Mind Test Brain Test Intelligence Mensa Trick Questions True or False etc.,http://www.iqlol.com/,https://www.facebook.com/iqlolcom,https://twitter.com/iqlol,https://plus.google.com/105865795698247609486,
https://www.youtube.com/user/DNewsChannel/about,Seeker,Seeker exists where technology innovation and the future collide. We celebrate relentless curiosity with an insatiable drive to question inspire and create.,http://www.seeker.com/,http://www.twitter.com/seeker,http://www.facebook.com/seekermedia,http://www.discoverynews.tumblr.com,https://twitter.com/tracedominguez,https://twitter.com/jhug00,https://twitter.com/astVintageSpace,https://twitter.com/PolycrystalhD,https://plus.google.com/106194964544004197170,
https://www.youtube.com/user/Thramkar/about,TechSource,#TechnologyWithSpice Tech content ranging from PC Gaming to smartphone coverage Reviews and everything else in between. Spicing up the tech world of Youtube 1 video at a time.  Official Website: TechsourceInt.com  Send me Stuff here: TechSource PO BOX 4041 CHATSWORTH CA 91311,http://DealSource.Tech,http://goo.gl/cIdKze,http://twitter.com/Ed_TechSource,https://www.facebook.com/pages/Tecksource/114185575418540?ref=ts&fref=ts,http://instagram.com/ed.techsource/,http://www.google.com/url?q=http%3A%2F%2Fwww.techsourceint.com&sa=D&sntz=1&usg=AFQjCNE9pRpm7oN3UO8FZ3YDAH73sUZRBw,https://plus.google.com/105863412934826638233,
https://www.youtube.com/user/FutureIdeasNow/about,Future Ideas & Technology,We looking for the Next Future Ideas and help them here in our channel. What we want to achieve is a better world tomorrow.  Please let us know if you like the content on our Channel and please subscribe and comment on the videos and provide feedback! It really does matter and we really do appreciate it!  If you are a Creator/Inventor and you are crowd-funding your invention/idea on Kickstarter or Indiegogo we would love to help you out contact us. Please go to our website www.FutureIdeas.us and use the contact link on the top and let us know about your project.   Note: We do not guarantee projects or investigate a creator's ability to complete their project. It is the responsibility of the project creator to complete their project as promised and the claims of this project are theirs alone.   I want to thank my Business Degree Mentor Donna Beckmann for all her hard work and dedication over the last three years!     Onil Maruri Founder and Chief Innovation Officer,http://www.futureideas.us,https://twitter.com/FutureIdeasNow,https://www.facebook.com/pages/Future-Ideas-Now/376336572497357,https://plus.google.com/112632036921840159188,
https://www.youtube.com/user/SnakeBytesTV/about,AnimalBytesTV,AnimalBytesTV is the first online animal network produced FOR animal lovers BY animal lovers. Each weekday you'll get original animal shows produced by wildlife experts from around the globe. Our mission statement is to bring back educational and entertaining wildlife programming with a strong message of conservation. We are animal and nature lovers here at AnimalBytesTV and we want to bring you along with us on our journey to the wild side.  Monday through Friday you'll get original wildlife series including the networks originator SnakeBytesTV. Saturdays are wildcard fun day set aside for extra fun clips and Sundays are Wildlife Documentary days! Check back often and make sure to subscribe!   For Media request and footage licensing please contact: media@AnimalBytes.TV,http://www.AnimalBytes.TV,https://twitter.com/AnimalBytesTV,https://www.facebook.com/AnimalBytesTV,http://instagram.com/AnimalBytesTV,https://twitter.com/AnimalBytesTV,https://www.facebook.com/AnimalBytesTV,https://plus.google.com/109540717113751324550,
https://www.youtube.com/user/PETCOAnimalSupplies/about,Petco,Subscribe for your weekly pet videos on: how to train and care for your pets; your true pet stories of love joy and triumph; and our latest contests and deals at Petco.  Petco is a leading specialty retailer that focuses on nurturing the powerful relationship between people and pets. We do this by providing the products services advice and experiences that keep pets physically fit mentally alert socially engaged and emotionally happy. Everything we do is driven by the idea that together anything is possible. Visit us at www.petco.com to learn more.    We're glad you're here and invite you to comment on our videos or send us videos of you and your animal companion at Petco. Here are a few guidelines for posting so this remains a fun and safe place for everyone. YouTube Channel Moderation Policy: http://bit.ly/1hjW4Sd  Participation and interaction with Petco via social media is subject to the terms and conditions found here: http://bit.ly/UiJTMi,http://www.petco.com,https://www.facebook.com/PETCO,https://twitter.com/petco,
https://www.youtube.com/user/BuzzFeedYellow/about,Boldly,BuzzFeedYellow has changed its name to Boldly. It's the same content you know and love just Bolder. Subscribe for daily videos about beauty fashion body positivity and to join a community of incredible women working to empower and inspire each other.,http://bzfd.it/2d7U8EK,http://facebook.com/buzzfeedvideo,http://twitter.com/buzzfeedvideo,http://www.buzzfeed.com/,https://plus.google.com/114954911795413065561,
https://www.youtube.com/user/ItsMau5Craft/about,Moose,New videos coming 2017! Except some high quality funny moment hilarious videos! #MooseArmy,https://twitter.com/ItsMau5Craft,https://www.instagram.com/itsmoosecraft,https://www.facebook.com/Mau5Craft,https://beam.pro/moosecraft,http://www.twitch.tv/itsmoosecraft,http://www.itsmoosecraft.com/http://www.twitch.tv/itsmoosecraft,https://mcprohosting.com/?promo=MAU5,http://ironsidecomputers.com/,
https://www.youtube.com/user/Top10Archive/about,Top10Archive,Top10Archive is a collection of Top 10 videos based on various topics! We cover a wide variety of topics including: Creepy Unexplained Video Games Sports Music Geology Mythology and a plethora of other topics! Be sure to submit your OWN top 10 ideas for a chance to have your idea played on YouTube!,http://www.youtube.com/user/top10archive?sub_confirmation=1,https://www.facebook.com/top10archives,https://twitter.com/top10archives,http://www.top10archive.net,http://www.amazon.com/gp/search?ie=UTF8&camp=1789&creative=9325&index=aps&keywords=dvd&linkCode=ur2&tag=grogregur-20&linkId=ITW2BLENHOHLQMQN,https://www.geekfuel.com/top10,http://www.dailymotion.com/top-10-archive,https://www.patreon.com/top10archive,https://plus.google.com/106902788139567355068,
https://www.youtube.com/user/DespicableMeMovie/about,Illumination,Connect with Illumination Entertainment Online:  Like Illumination Entertainment on FACEBOOK:  http://bit.ly/IlluminationEntFB Visit the Illumination Entertainment WEBSITE:  http://www.minionsmovie.com,http://www.singmovie.com,https://www.facebook.com/singmovie,https://twitter.com/singmovie,http://instagram.com/singmovie,https://plus.google.com/110677721563930903522,
https://www.youtube.com/user/SqueakerAlert/about,TOP 5 ALLTIME,We upload daily TOP 5 Videos  If you have a topic request please contact us using our business email bellow.,https://www.youtube.com/channel/UC4HLj1huw4mvCL6QTezaSog,https://twitter.com/CommunityVideos,https://plus.google.com/115726502556915197811,
https://www.youtube.com/user/BostonDynamics/about,BostonDynamics,Our mission is to build the most advanced robots on Earth with remarkable mobility agility dexterity and speed.  For more information about Boston Dynamics and our robots visit us at www.BostonDynamics.com,http://www.BostonDynamics.com,
https://www.youtube.com/user/Petcube/about,Petcube,Petcube is an interactive wireless pet camera that helps you stay connected to your pets when you are not at home. Petcube pet monitor system lets you watch talk and play laser games with your dog or cat from anywhere using your smartphone. You can share access to your pet video cam with your friends family or anyone else on Petcube network.,https://petcube.com?order=true&utm_source=youtube&utm_medium=link&utm_campaign=channel_header,https://www.facebook.com/petcube.inc,https://www.pinterest.com/petcube/,https://twitter.com/Petcube,https://instagram.com/Petcube,https://plus.google.com/104906956497865409302,
https://www.youtube.com/user/LilDickyRap/about,Lil Dicky,Official YouTube Channel for Lil Dicky. Debut album 'Professional Rapper' out now!,Lil Dicky is the voice of the voiceless.   His debut mixtape So Hard has been categorized as “funny” and “impressive” by his friends. His first commercial album Professional Rapper debuted at #7 on the Billboard Hot 200 and #1 on both the comedy and rap charts.    A non-traditional rapper Lil Dicky uses a mix of comedy lyrical ingenuity and self-deprecation to spew out entertaining and relatable content.   When he was 14 he opened up for the R&B group 112 at his overnight camp. He’s been rapping ever since.   Currently he’s had sex with nineteen women but he’s hoping that number goes up with time patience and a positive outlook.   At night he’ll pee sitting down due to fatigue.   Join him on his quest to change rap forever.,http://lildicky.com,http://facebook.com/LilDickyRap,https://twitter.com/lildickytweets,https://soundcloud.com/lil-dicky,https://plus.google.com/106391128976820883628,
https://www.youtube.com/user/arliowa/about,arliowa,http://www.ARl-Iowa.org,https://plus.google.com/110890130144604973076,
https://www.youtube.com/user/2ChainzVEVO/about,2ChainzVEVO,https://plus.google.com/100098556240988690447,
https://www.youtube.com/user/beyonceVEVO/about,beyonceVEVO,http://www.vevo.com/artist/beyonce,http://twitter.com/beyonce,https://www.facebook.com/beyonce,http://www.beyonce.com/,https://plus.google.com/115286727848259732996,
https://www.youtube.com/user/GoldminesTelefilms/about,Goldmines Telefilms,Welcome to Goldmines Telefilms. One of the Finest Destination for Entertainment Content on Youtube. Now Watch Premiere of New South Hindi Dubbed Movies on Every Saturday & Also Enjoy Full Length Blockbuster Hindi Movies Songs Comedy Scenes and Much More.   Subscribe NOW!,https://www.youtube.com/watch?v=r59ZAchwakA,http://www.facebook.com/goldminestelefilmspvtltd,https://twitter.com/GTelefilms,https://plus.google.com/114006342173351155864,
https://www.youtube.com/user/SriBalajiMovies/about,SriBalajiMovies,Welcome to the Sri Balaji Video YouTube channel The destination for premium Telugu entertainment videos on YouTube. Sri Balaji Video is a Leading Digital Telugu Entertainment Channel This is your one stop shop for discovering and watching thousands of Telugu full length movies Telugu Video songs Telugu Movie Scenes etc,http://www.youtube.com/user/SriBalajiMovies?sub_confirmation=1,https://www.facebook.com/sribalajivideo,https://twitter.com/sribalajivideos,https://www.youtube.com/user/SriBalajiEnt,https://www.youtube.com/user/SriBalajiMusic,https://www.youtube.com/user/SriBalajiComedy,https://www.youtube.com/user/SriBalajiAction,https://www.youtube.com/user/SriBalajiPromos,https://plus.google.com/104889705977921196288,
https://www.youtube.com/user/stefbot/about,Stefan Molyneux,With host Stefan Molyneux topics range from philosophy to economics to art to science to how to achieve real freedom in the modern world. Freedomain Radio is the largest and most popular philosophy show on the web with over 250 million downloads and is 100% funded by viewers like you. Please support the show by making a one time donation or signing up for a monthly recurring donation. https://freedomainradio.com/donate,http://www.freedomainradio.com/donate,https://twitter.com/stefanmolyneux,http://www.fdrpodcasts.com,https://itunes.apple.com/us/podcast/freedomain-radio!-volume-6/id552010683,https://soundcloud.com/stefan-molyneux,https://vid.me/stefanmolyneux,https://www.facebook.com/stefan.molyneux,https://plus.google.com/105416475244874554281,
https://www.youtube.com/user/lifeinaday/about,Life in a Day,https://plus.google.com/102562727051931492629,
